0.09580,0.61566,-0.26938,-0.43143,0.17659,1.16851,-2.39245,0.00000,0.00000
0.09594,0.61676,-0.26960,-0.42279,0.17738,1.19275,-2.39244,0.00000,0.00000
0.09645,0.61775,-0.26968,-0.41485,0.17822,1.21508,-2.39243,0.00000,0.00000
0.09729,0.61865,-0.26958,-0.40755,0.17912,1.23567,-2.39242,0.00000,0.00000
0.09844,0.61946,-0.26930,-0.40082,0.18007,1.25468,-2.39242,0.00000,0.00000
0.09986,0.62020,-0.26884,-0.39459,0.18106,1.27224,-2.39241,0.00000,0.00000
0.10152,0.62086,-0.26820,-0.38883,0.18209,1.28850,-2.39240,0.00000,0.00000
0.10340,0.62145,-0.26740,-0.38349,0.18317,1.30356,-2.39239,0.00000,0.00000
0.10548,0.62198,-0.26646,-0.37851,0.18427,1.31753,-2.39238,0.00000,0.00000
0.10772,0.62246,-0.26538,-0.37388,0.18540,1.33051,-2.39237,0.00000,0.00000
0.11012,0.62289,-0.26417,-0.36955,0.18656,1.34259,-2.39236,0.00000,0.00000
0.11266,0.62328,-0.26286,-0.36550,0.18774,1.35384,-2.39234,0.00000,0.00000
0.11532,0.62362,-0.26146,-0.36170,0.18894,1.36435,-2.39233,0.00000,0.00000
0.11808,0.62392,-0.25994,-0.35812,0.19015,1.37418,-2.39233,0.00000,0.00000
0.12094,0.62418,-0.25834,-0.35474,0.19137,1.38339,-2.39232,0.00000,0.00000
0.12389,0.62442,-0.25667,-0.35155,0.19260,1.39203,-2.39231,0.00000,0.00000
0.12691,0.62462,-0.25495,-0.34854,0.19384,1.40016,-2.39230,0.00000,0.00000
0.13000,0.62480,-0.25318,-0.34567,0.19509,1.40781,-2.39230,0.00000,0.00000
0.13315,0.62495,-0.25137,-0.34294,0.19634,1.41505,-2.39229,0.00000,0.00000
0.13634,0.62508,-0.24952,-0.34034,0.19760,1.42189,-2.39228,0.00000,0.00000
0.13959,0.62519,-0.24764,-0.33786,0.19886,1.42838,-2.39227,0.00000,0.00000
0.14287,0.62528,-0.24573,-0.33548,0.20013,1.43454,-2.39226,0.00000,0.00000
0.14619,0.62536,-0.24379,-0.33319,0.20139,1.44041,-2.39225,0.00000,0.00000
0.14954,0.62542,-0.24184,-0.33100,0.20266,1.44601,-2.39224,0.00000,0.00000
0.15291,0.62546,-0.23987,-0.32888,0.20392,1.45137,-2.39223,0.00000,0.00000
0.15631,0.62550,-0.23788,-0.32684,0.20519,1.45651,-2.39222,0.00000,0.00000
0.15972,0.62552,-0.23589,-0.32487,0.20645,1.46144,-2.39221,0.00000,0.00000
0.16315,0.62553,-0.23388,-0.32296,0.20771,1.46619,-2.39220,0.00000,0.00000
0.16660,0.62554,-0.23187,-0.32111,0.20897,1.47076,-2.39219,0.00000,0.00000
0.17005,0.62553,-0.22985,-0.31931,0.21023,1.47518,-2.39218,0.00000,0.00000
0.17351,0.62552,-0.22782,-0.31756,0.21148,1.47946,-2.39217,0.00000,0.00000
0.17698,0.62551,-0.22580,-0.31586,0.21273,1.48361,-2.39216,0.00000,0.00000
0.18045,0.62549,-0.22377,-0.31420,0.21398,1.48764,-2.39215,0.00000,0.00000
0.18392,0.62546,-0.22174,-0.31258,0.21522,1.49157,-2.39215,0.00000,0.00000
0.18740,0.62543,-0.21971,-0.31100,0.21646,1.49539,-2.39214,0.00000,0.00000
0.19087,0.62540,-0.21768,-0.30945,0.21769,1.49912,-2.39213,0.00000,0.00000
0.19433,0.62536,-0.21566,-0.30794,0.21888,1.50276,-2.39212,0.00000,0.00000
0.19780,0.62532,-0.21365,-0.30646,0.22007,1.50633,-2.39212,0.00000,0.00000
0.20126,0.62528,-0.21166,-0.30500,0.22125,1.50982,-2.39211,0.00000,0.00000
0.20472,0.62524,-0.20969,-0.30358,0.22243,1.51325,-2.39211,0.00000,0.00000
0.20817,0.62520,-0.20774,-0.30218,0.22360,1.51661,-2.39211,0.00000,0.00000
0.21162,0.62516,-0.20581,-0.30081,0.22477,1.51991,-2.39211,0.00000,0.00000
0.21506,0.62511,-0.20391,-0.29946,0.22593,1.52316,-2.39210,0.00000,0.00000
0.21850,0.62506,-0.20204,-0.29814,0.22708,1.52635,-2.39210,0.00000,0.00000
0.22193,0.62502,-0.20019,-0.29684,0.22823,1.52949,-2.39210,0.00000,0.00000
0.22535,0.62497,-0.19837,-0.29556,0.22937,1.53258,-2.39210,0.00000,0.00000
0.22876,0.62492,-0.19658,-0.29430,0.23051,1.53563,-2.39209,0.00000,0.00000
0.23216,0.62488,-0.19482,-0.29306,0.23164,1.53863,-2.39209,0.00000,0.00000
0.23556,0.62483,-0.19308,-0.29184,0.23277,1.54159,-2.39209,0.00000,0.00000
0.23894,0.62478,-0.19138,-0.29065,0.23389,1.54450,-2.39208,0.00000,0.00000
0.24232,0.62473,-0.18972,-0.28947,0.23500,1.54737,-2.39208,0.00000,0.00000
0.24568,0.62467,-0.18808,-0.28830,0.23611,1.55020,-2.39208,0.00000,0.00000
0.24904,0.62462,-0.18649,-0.28716,0.23721,1.55299,-2.39207,0.00000,0.00000
0.25238,0.62456,-0.18493,-0.28604,0.23831,1.55574,-2.39207,0.00000,0.00000
0.25572,0.62450,-0.18342,-0.28493,0.23940,1.55845,-2.39207,0.00000,0.00000
0.25904,0.62444,-0.18195,-0.28384,0.24048,1.56111,-2.39206,0.00000,0.00000
0.26235,0.62438,-0.18052,-0.28277,0.24156,1.56374,-2.39206,0.00000,0.00000
0.26565,0.62432,-0.17916,-0.28171,0.24263,1.56632,-2.39205,0.00000,0.00000
0.26895,0.62425,-0.17785,-0.28067,0.24369,1.56886,-2.39205,0.00000,0.00000
0.27223,0.62418,-0.17662,-0.27965,0.24475,1.57136,-2.39204,0.00000,0.00000
0.27551,0.62410,-0.17548,-0.27864,0.24578,1.57381,-2.39204,0.00000,0.00000
0.27877,0.62402,-0.17434,-0.27765,0.24677,1.57621,-2.39205,0.00000,0.00000
0.28202,0.62393,-0.17320,-0.27667,0.24776,1.57857,-2.39205,0.00000,0.00000
0.28526,0.62384,-0.17207,-0.27571,0.24874,1.58088,-2.39205,0.00000,0.00000
0.28849,0.62374,-0.17094,-0.27476,0.24971,1.58314,-2.39206,0.00000,0.00000
0.29170,0.62363,-0.16982,-0.27383,0.25068,1.58535,-2.39206,0.00000,0.00000
0.29488,0.62352,-0.16872,-0.27291,0.25163,1.58751,-2.39207,0.00000,0.00000
0.29805,0.62340,-0.16763,-0.27201,0.25258,1.58961,-2.39207,0.00000,0.00000
0.30120,0.62327,-0.16655,-0.27113,0.25352,1.59167,-2.39207,0.00000,0.00000
0.30433,0.62313,-0.16549,-0.27025,0.25445,1.59366,-2.39208,0.00000,0.00000
0.30744,0.62298,-0.16444,-0.26940,0.25538,1.59560,-2.39208,0.00000,0.00000
0.31052,0.62283,-0.16341,-0.26856,0.25629,1.59748,-2.39209,0.00000,0.00000
0.31358,0.62266,-0.16239,-0.26773,0.25719,1.59930,-2.39209,0.00000,0.00000
0.31662,0.62248,-0.16138,-0.26692,0.25808,1.60105,-2.39210,0.00000,0.00000
0.31962,0.62229,-0.16039,-0.26613,0.25896,1.60274,-2.39210,0.00000,0.00000
0.32260,0.62209,-0.15942,-0.26535,0.25984,1.60437,-2.39210,0.00000,0.00000
0.32556,0.62187,-0.15846,-0.26459,0.26070,1.60593,-2.39211,0.00000,0.00000
0.32848,0.62165,-0.15752,-0.26384,0.26155,1.60742,-2.39211,0.00000,0.00000
0.33138,0.62141,-0.15660,-0.26311,0.26239,1.60884,-2.39212,0.00000,0.00000
0.33425,0.62115,-0.15569,-0.26239,0.26321,1.61018,-2.39212,0.00000,0.00000
0.33709,0.62088,-0.15479,-0.26169,0.26403,1.61146,-2.39212,0.00000,0.00000
0.33989,0.62060,-0.15391,-0.26101,0.26483,1.61265,-2.39213,0.00000,0.00000
0.34267,0.62030,-0.15305,-0.26034,0.26563,1.61377,-2.39213,0.00000,0.00000
0.34541,0.61999,-0.15221,-0.25969,0.26641,1.61481,-2.39214,0.00000,0.00000
0.34812,0.61966,-0.15138,-0.25905,0.26718,1.61576,-2.39214,0.00000,0.00000
0.35080,0.61931,-0.15057,-0.25843,0.26793,1.61664,-2.39215,0.00000,0.00000
0.35344,0.61894,-0.14977,-0.25782,0.26868,1.61742,-2.39215,0.00000,0.00000
0.35605,0.61856,-0.14899,-0.25723,0.26941,1.61813,-2.39215,0.00000,0.00000
0.35863,0.61816,-0.14823,-0.25665,0.27013,1.61874,-2.39216,0.00000,0.00000
0.36117,0.61774,-0.14748,-0.25610,0.27084,1.61926,-2.39216,0.00000,0.00000
0.36367,0.61730,-0.14676,-0.25555,0.27153,1.61969,-2.39217,0.00000,0.00000
0.36614,0.61684,-0.14605,-0.25503,0.27221,1.62003,-2.39217,0.00000,0.00000
0.36857,0.61636,-0.14535,-0.25451,0.27288,1.62027,-2.39217,0.00000,0.00000
0.37096,0.61585,-0.14468,-0.25402,0.27354,1.62042,-2.39218,0.00000,0.00000
0.37331,0.61533,-0.14402,-0.25354,0.27418,1.62044,-2.39218,0.00000,0.00000
0.37563,0.61479,-0.14338,-0.25308,0.27481,1.62041,-2.39218,0.00000,0.00000
0.37791,0.61422,-0.14275,-0.25263,0.27543,1.62026,-2.39219,0.00000,0.00000
0.38015,0.61363,-0.14215,-0.25220,0.27603,1.62000,-2.39219,0.00000,0.00000
0.38235,0.61302,-0.14156,-0.25179,0.27662,1.61964,-2.39219,0.00000,0.00000
0.38451,0.61239,-0.14099,-0.25139,0.27719,1.61917,-2.39220,0.00000,0.00000
0.38664,0.61173,-0.14044,-0.25101,0.27775,1.61860,-2.39220,0.00000,0.00000
0.38872,0.61105,-0.13991,-0.25064,0.27830,1.61792,-2.39220,0.00000,0.00000
0.39076,0.61034,-0.13939,-0.25029,0.27883,1.61713,-2.39221,0.00000,0.00000
0.39276,0.60961,-0.13889,-0.24996,0.27935,1.61623,-2.39221,0.00000,0.00000
0.39472,0.60886,-0.13841,-0.24964,0.27986,1.61521,-2.39221,0.00000,0.00000
0.39663,0.60808,-0.13795,-0.24935,0.28035,1.61409,-2.39222,0.00000,0.00000
0.39851,0.60727,-0.13751,-0.24906,0.28082,1.61285,-2.39222,0.00000,0.00000
0.40034,0.60644,-0.13709,-0.24880,0.28128,1.61149,-2.39222,0.00000,0.00000
0.40213,0.60558,-0.13668,-0.24855,0.28173,1.61002,-2.39223,0.00000,0.00000
0.40387,0.60470,-0.13630,-0.24832,0.28216,1.60843,-2.39223,0.00000,0.00000
0.40557,0.60379,-0.13593,-0.24811,0.28258,1.60672,-2.39223,0.00000,0.00000
0.40723,0.60285,-0.13558,-0.24791,0.28298,1.60490,-2.39223,0.00000,0.00000
0.40885,0.60188,-0.13525,-0.24774,0.28337,1.60296,-2.39224,0.00000,0.00000
0.41042,0.60089,-0.13494,-0.24758,0.28374,1.60089,-2.39224,0.00000,0.00000
0.41195,0.59987,-0.13465,-0.24743,0.28409,1.59871,-2.39224,0.00000,0.00000
0.41343,0.59882,-0.13438,-0.24731,0.28443,1.59640,-2.39225,0.00000,0.00000
0.41486,0.59775,-0.13412,-0.24721,0.28476,1.59398,-2.39225,0.00000,0.00000
0.41626,0.59665,-0.13389,-0.24712,0.28507,1.59143,-2.39225,0.00000,0.00000
0.41760,0.59552,-0.13368,-0.24705,0.28536,1.58876,-2.39225,0.00000,0.00000
0.41890,0.59436,-0.13348,-0.24700,0.28564,1.58597,-2.39225,0.00000,0.00000
0.42016,0.59317,-0.13331,-0.24697,0.28590,1.58306,-2.39226,0.00000,0.00000
0.42137,0.59196,-0.13315,-0.24696,0.28615,1.58002,-2.39226,0.00000,0.00000
0.42253,0.59072,-0.13302,-0.24697,0.28638,1.57686,-2.39226,0.00000,0.00000
0.42365,0.58945,-0.13290,-0.24700,0.28660,1.57358,-2.39226,0.00000,0.00000
0.42472,0.58815,-0.13280,-0.24705,0.28679,1.57018,-2.39227,0.00000,0.00000
0.42575,0.58682,-0.13273,-0.24712,0.28697,1.56666,-2.39227,0.00000,0.00000
0.42672,0.58547,-0.13267,-0.24721,0.28714,1.56302,-2.39227,0.00000,0.00000
0.42766,0.58409,-0.13263,-0.24732,0.28729,1.55925,-2.39227,0.00000,0.00000
0.42854,0.58268,-0.13262,-0.24745,0.28742,1.55536,-2.39227,0.00000,0.00000
0.42938,0.58125,-0.13262,-0.24761,0.28753,1.55136,-2.39227,0.00000,0.00000
0.43017,0.57978,-0.13265,-0.24778,0.28763,1.54723,-2.39228,0.00000,0.00000
0.43091,0.57829,-0.13269,-0.24798,0.28771,1.54299,-2.39228,0.00000,0.00000
0.43161,0.57678,-0.13276,-0.24820,0.28778,1.53863,-2.39228,0.00000,0.00000
0.43225,0.57524,-0.13284,-0.24844,0.28782,1.53415,-2.39228,0.00000,0.00000
0.43286,0.57367,-0.13295,-0.24870,0.28785,1.52956,-2.39228,0.00000,0.00000
0.43341,0.57207,-0.13307,-0.24898,0.28786,1.52485,-2.39228,0.00000,0.00000
0.43391,0.57045,-0.13322,-0.24929,0.28786,1.52003,-2.39229,0.00000,0.00000
0.43437,0.56881,-0.13339,-0.24962,0.28783,1.51509,-2.39229,0.00000,0.00000
0.43478,0.56714,-0.13358,-0.24998,0.28779,1.51005,-2.39229,0.00000,0.00000
0.43515,0.56544,-0.13379,-0.25036,0.28773,1.50489,-2.39229,0.00000,0.00000
0.43546,0.56372,-0.13402,-0.25076,0.28765,1.49962,-2.39229,0.00000,0.00000
0.43573,0.56198,-0.13427,-0.25119,0.28756,1.49425,-2.39229,0.00000,0.00000
0.43595,0.56022,-0.13455,-0.25164,0.28744,1.48877,-2.39230,0.00000,0.00000
0.43612,0.55843,-0.13484,-0.25212,0.28731,1.48319,-2.39230,0.00000,0.00000
0.43624,0.55662,-0.13516,-0.25262,0.28716,1.47750,-2.39230,0.00000,0.00000
0.43632,0.55479,-0.13550,-0.25315,0.28699,1.47171,-2.39230,0.00000,0.00000
0.43634,0.55294,-0.13586,-0.25370,0.28680,1.46582,-2.39230,0.00000,0.00000
0.43632,0.55107,-0.13624,-0.25428,0.28659,1.45984,-2.39231,0.00000,0.00000
0.43626,0.54918,-0.13664,-0.25488,0.28636,1.45376,-2.39231,0.00000,0.00000
0.43614,0.54727,-0.13707,-0.25551,0.28611,1.44758,-2.39231,0.00000,0.00000
0.43598,0.54534,-0.13751,-0.25617,0.28584,1.44132,-2.39231,0.00000,0.00000
0.43576,0.54339,-0.13798,-0.25685,0.28556,1.43496,-2.39231,0.00000,0.00000
0.43550,0.54143,-0.13847,-0.25756,0.28525,1.42851,-2.39232,0.00000,0.00000
0.43520,0.53945,-0.13898,-0.25830,0.28492,1.42198,-2.39232,0.00000,0.00000
0.43484,0.53745,-0.13951,-0.25906,0.28457,1.41536,-2.39232,0.00000,0.00000
0.43444,0.53544,-0.14007,-0.25986,0.28421,1.40866,-2.39233,0.00000,0.00000
0.43398,0.53341,-0.14065,-0.26068,0.28382,1.40188,-2.39233,0.00000,0.00000
0.43348,0.53138,-0.14125,-0.26152,0.28341,1.39503,-2.39233,0.00000,0.00000
0.43294,0.52933,-0.14187,-0.26240,0.28298,1.38809,-2.39234,0.00000,0.00000
0.43234,0.52726,-0.14251,-0.26330,0.28253,1.38109,-2.39234,0.00000,0.00000
0.43170,0.52519,-0.14318,-0.26424,0.28206,1.37401,-2.39235,0.00000,0.00000
0.43100,0.52311,-0.14387,-0.26520,0.28156,1.36686,-2.39235,0.00000,0.00000
0.43027,0.52102,-0.14461,-0.26619,0.28107,1.35965,-2.39237,0.00000,0.00000
0.42948,0.51892,-0.14536,-0.26721,0.28055,1.35237,-2.39239,0.00000,0.00000
0.42864,0.51681,-0.14614,-0.26827,0.28002,1.34503,-2.39240,0.00000,0.00000
0.42776,0.51470,-0.14694,-0.26935,0.27946,1.33763,-2.39242,0.00000,0.00000
0.42683,0.51258,-0.14776,-0.27046,0.27888,1.33017,-2.39244,0.00000,0.00000
0.42585,0.51046,-0.14861,-0.27160,0.27828,1.32266,-2.39246,0.00000,0.00000
0.42483,0.50833,-0.14948,-0.27277,0.27766,1.31510,-2.39247,0.00000,0.00000
0.42375,0.50620,-0.15038,-0.27396,0.27701,1.30749,-2.39249,0.00000,0.00000
0.42263,0.50407,-0.15130,-0.27519,0.27635,1.29983,-2.39251,0.00000,0.00000
0.42146,0.50193,-0.15225,-0.27645,0.27566,1.29212,-2.39253,0.00000,0.00000
0.42024,0.49980,-0.15323,-0.27774,0.27495,1.28438,-2.39255,0.00000,0.00000
0.41898,0.49767,-0.15423,-0.27906,0.27422,1.27659,-2.39257,0.00000,0.00000
0.41767,0.49554,-0.15527,-0.28040,0.27347,1.26877,-2.39259,0.00000,0.00000
0.41631,0.49342,-0.15633,-0.28178,0.27269,1.26091,-2.39261,0.00000,0.00000
0.41490,0.49130,-0.15742,-0.28319,0.27189,1.25302,-2.39263,0.00000,0.00000
0.41345,0.48918,-0.15853,-0.28463,0.27107,1.24510,-2.39265,0.00000,0.00000
0.41195,0.48707,-0.15968,-0.28610,0.27023,1.23715,-2.39267,0.00000,0.00000
0.41040,0.48497,-0.16085,-0.28760,0.26936,1.22917,-2.39270,0.00000,0.00000
0.40880,0.48288,-0.16205,-0.28912,0.26848,1.22118,-2.39272,0.00000,0.00000
0.40716,0.48079,-0.16328,-0.29068,0.26757,1.21316,-2.39274,0.00000,0.00000
0.40547,0.47872,-0.16455,-0.29227,0.26663,1.20513,-2.39276,0.00000,0.00000
0.40373,0.47666,-0.16583,-0.29389,0.26568,1.19708,-2.39278,0.00000,0.00000
0.40194,0.47461,-0.16715,-0.29554,0.26470,1.18902,-2.39281,0.00000,0.00000
0.40011,0.47258,-0.16850,-0.29722,0.26370,1.18094,-2.39283,0.00000,0.00000
0.39823,0.47056,-0.16988,-0.29893,0.26267,1.17286,-2.39285,0.00000,0.00000
0.39630,0.46856,-0.17129,-0.30067,0.26163,1.16478,-2.39288,0.00000,0.00000
0.39433,0.46657,-0.17273,-0.30244,0.26056,1.15669,-2.39290,0.00000,0.00000
0.39231,0.46460,-0.17420,-0.30424,0.25947,1.14860,-2.39293,0.00000,0.00000
0.39024,0.46265,-0.17570,-0.30607,0.25835,1.14052,-2.39295,0.00000,0.00000
0.38812,0.46072,-0.17724,-0.30793,0.25722,1.13244,-2.39298,0.00000,0.00000
0.38596,0.45882,-0.17880,-0.30982,0.25606,1.12437,-2.39300,0.00000,0.00000
0.38375,0.45693,-0.18039,-0.31174,0.25487,1.11630,-2.39302,0.00000,0.00000
0.38149,0.45507,-0.18202,-0.31369,0.25367,1.10825,-2.39305,0.00000,0.00000
0.37919,0.45323,-0.18368,-0.31566,0.25244,1.10022,-2.39307,0.00000,0.00000
0.37684,0.45142,-0.18537,-0.31767,0.25119,1.09220,-2.39310,0.00000,0.00000
0.37444,0.44964,-0.18709,-0.31970,0.24992,1.08420,-2.39312,0.00000,0.00000
0.37200,0.44788,-0.18884,-0.32176,0.24862,1.07623,-2.39315,0.00000,0.00000
0.36951,0.44615,-0.19063,-0.32385,0.24731,1.06828,-2.39317,0.00000,0.00000
0.36697,0.44445,-0.19245,-0.32597,0.24597,1.06035,-2.39320,0.00000,0.00000
0.36438,0.44278,-0.19430,-0.32812,0.24460,1.05246,-2.39323,0.00000,0.00000
0.36175,0.44115,-0.19618,-0.33029,0.24322,1.04460,-2.39325,0.00000,0.00000
0.35907,0.43955,-0.19810,-0.33249,0.24182,1.03678,-2.39328,0.00000,0.00000
0.35634,0.43798,-0.20005,-0.33471,0.24039,1.02899,-2.39330,0.00000,0.00000
0.35357,0.43644,-0.20203,-0.33697,0.23894,1.02125,-2.39333,0.00000,0.00000
0.35075,0.43494,-0.20404,-0.33924,0.23747,1.01355,-2.39335,0.00000,0.00000
0.34789,0.43348,-0.20608,-0.34155,0.23598,1.00589,-2.39338,0.00000,0.00000
0.34498,0.43206,-0.20816,-0.34388,0.23447,0.99829,-2.39340,0.00000,0.00000
0.34202,0.43067,-0.21027,-0.34623,0.23293,0.99073,-2.39342,0.00000,0.00000
0.33901,0.42933,-0.21241,-0.34861,0.23138,0.98323,-2.39345,0.00000,0.00000
0.33596,0.42802,-0.21458,-0.35101,0.22981,0.97578,-2.39347,0.00000,0.00000
0.33287,0.42676,-0.21679,-0.35344,0.22821,0.96839,-2.39350,0.00000,0.00000
0.32973,0.42553,-0.21902,-0.35588,0.22660,0.96107,-2.39352,0.00000,0.00000
0.32654,0.42435,-0.22129,-0.35835,0.22497,0.95381,-2.39354,0.00000,0.00000
0.32331,0.42322,-0.22359,-0.36085,0.22332,0.94661,-2.39356,0.00000,0.00000
0.32003,0.42213,-0.22592,-0.36336,0.22164,0.93948,-2.39359,0.00000,0.00000
0.31671,0.42108,-0.22828,-0.36589,0.21996,0.93243,-2.39361,0.00000,0.00000
0.31334,0.42008,-0.23067,-0.36844,0.21825,0.92545,-2.39363,0.00000,0.00000
0.30993,0.41913,-0.23310,-0.37101,0.21652,0.91855,-2.39365,0.00000,0.00000
0.30648,0.41822,-0.23555,-0.37360,0.21478,0.91173,-2.39367,0.00000,0.00000
0.30298,0.41736,-0.23803,-0.37621,0.21302,0.90499,-2.39369,0.00000,0.00000
0.29944,0.41655,-0.24053,-0.37883,0.21125,0.89833,-2.39371,0.00000,0.00000
0.29586,0.41579,-0.24307,-0.38147,0.20945,0.89177,-2.39373,0.00000,0.00000
0.29223,0.41508,-0.24564,-0.38412,0.20765,0.88529,-2.39375,0.00000,0.00000
0.28857,0.41442,-0.24823,-0.38679,0.20582,0.87891,-2.39377,0.00000,0.00000
0.28486,0.41381,-0.25085,-0.38947,0.20398,0.87262,-2.39379,0.00000,0.00000
0.28111,0.41325,-0.25350,-0.39216,0.20213,0.86643,-2.39381,0.00000,0.00000
0.27732,0.41275,-0.25617,-0.39487,0.20027,0.86034,-2.39382,0.00000,0.00000
0.27349,0.41229,-0.25887,-0.39758,0.19839,0.85435,-2.39384,0.00000,0.00000
0.26962,0.41189,-0.26159,-0.40030,0.19650,0.84847,-2.39386,0.00000,0.00000
0.26572,0.41154,-0.26434,-0.40303,0.19459,0.84269,-2.39388,0.00000,0.00000
0.26177,0.41125,-0.26711,-0.40577,0.19268,0.83703,-2.39389,0.00000,0.00000
0.25779,0.41101,-0.26990,-0.40851,0.19075,0.83148,-2.39391,0.00000,0.00000
0.25377,0.41082,-0.27272,-0.41125,0.18882,0.82605,-2.39392,0.00000,0.00000
0.24972,0.41069,-0.27556,-0.41400,0.18687,0.82073,-2.39394,0.00000,0.00000
0.24563,0.41061,-0.27842,-0.41675,0.18492,0.81553,-2.39395,0.00000,0.00000
0.24151,0.41058,-0.28129,-0.41950,0.18296,0.81046,-2.39396,0.00000,0.00000
0.23736,0.41061,-0.28419,-0.42225,0.18099,0.80551,-2.39398,0.00000,0.00000
0.23317,0.41070,-0.28711,-0.42500,0.17901,0.80069,-2.39399,0.00000,0.00000
0.22895,0.41084,-0.29004,-0.42775,0.17703,0.79599,-2.39401,0.00000,0.00000
0.22470,0.41103,-0.29299,-0.43049,0.17504,0.79143,-2.39402,0.00000,0.00000
0.22043,0.41128,-0.29596,-0.43322,0.17304,0.78700,-2.39403,0.00000,0.00000
0.21612,0.41158,-0.29894,-0.43594,0.17105,0.78271,-2.39404,0.00000,0.00000
0.21179,0.41194,-0.30194,-0.43866,0.16905,0.77855,-2.39405,0.00000,0.00000
0.20744,0.41235,-0.30494,-0.44136,0.16704,0.77453,-2.39407,0.00000,0.00000
0.20306,0.41281,-0.30797,-0.44405,0.16504,0.77065,-2.39408,0.00000,0.00000
0.19865,0.41333,-0.31100,-0.44673,0.16303,0.76692,-2.39409,0.00000,0.00000
0.19423,0.41390,-0.31404,-0.44939,0.16103,0.76333,-2.39410,0.00000,0.00000
0.18978,0.41453,-0.31709,-0.45203,0.15902,0.75988,-2.39411,0.00000,0.00000
0.18531,0.41521,-0.32015,-0.45465,0.15701,0.75659,-2.39412,0.00000,0.00000
0.18083,0.41594,-0.32322,-0.45726,0.15501,0.75344,-2.39413,0.00000,0.00000
0.17633,0.41673,-0.32629,-0.45984,0.15301,0.75044,-2.39414,0.00000,0.00000
0.17181,0.41757,-0.32937,-0.46240,0.15101,0.74759,-2.39415,0.00000,0.00000
0.16728,0.41845,-0.33245,-0.46493,0.14902,0.74490,-2.39416,0.00000,0.00000
0.16274,0.41939,-0.33553,-0.46744,0.14703,0.74236,-2.39417,0.00000,0.00000
0.15819,0.42039,-0.33862,-0.46992,0.14505,0.73997,-2.39418,0.00000,0.00000
0.15363,0.42143,-0.34171,-0.47236,0.14307,0.73774,-2.39419,0.00000,0.00000
0.14906,0.42252,-0.34479,-0.47478,0.14110,0.73567,-2.39420,0.00000,0.00000
0.14448,0.42366,-0.34788,-0.47716,0.13914,0.73375,-2.39421,0.00000,0.00000
0.13990,0.42485,-0.35096,-0.47951,0.13719,0.73199,-2.39422,0.00000,0.00000
0.13531,0.42609,-0.35404,-0.48182,0.13524,0.73039,-2.39423,0.00000,0.00000
0.13072,0.42737,-0.35712,-0.48410,0.13331,0.72895,-2.39424,0.00000,0.00000
0.12613,0.42870,-0.36018,-0.48634,0.13139,0.72767,-2.39425,0.00000,0.00000
0.12154,0.43008,-0.36324,-0.48854,0.12952,0.72654,-2.39425,0.00000,0.00000
0.11695,0.43151,-0.36627,-0.49070,0.12767,0.72558,-2.39425,0.00000,0.00000
0.11237,0.43297,-0.36931,-0.49281,0.12583,0.72477,-2.39425,0.00000,0.00000
0.10779,0.43449,-0.37234,-0.49488,0.12400,0.72413,-2.39425,0.00000,0.00000
0.10321,0.43604,-0.37537,-0.49691,0.12218,0.72364,-2.39424,0.00000,0.00000
0.09865,0.43764,-0.37839,-0.49889,0.12038,0.72331,-2.39423,0.00000,0.00000
0.09409,0.43929,-0.38141,-0.50083,0.11860,0.72314,-2.39422,0.00000,0.00000
0.08955,0.44097,-0.38443,-0.50271,0.11683,0.72312,-2.39421,0.00000,0.00000
0.08502,0.44270,-0.38743,-0.50454,0.11507,0.72326,-2.39420,0.00000,0.00000
0.08051,0.44446,-0.39042,-0.50632,0.11333,0.72356,-2.39420,0.00000,0.00000
0.07601,0.44626,-0.39339,-0.50806,0.11161,0.72398,-2.39419,0.00000,0.00000
0.07153,0.44810,-0.39635,-0.50974,0.10991,0.72458,-2.39418,0.00000,0.00000
0.06707,0.44999,-0.39929,-0.51137,0.10822,0.72533,-2.39418,0.00000,0.00000
0.06263,0.45190,-0.40221,-0.51295,0.10652,0.72623,-2.39419,0.00000,0.00000
0.05821,0.45386,-0.40511,-0.51447,0.10483,0.72728,-2.39419,0.00000,0.00000
0.05382,0.45585,-0.40799,-0.51594,0.10315,0.72848,-2.39420,0.00000,0.00000
0.04944,0.45787,-0.41083,-0.51736,0.10148,0.72983,-2.39421,0.00000,0.00000
0.04510,0.45993,-0.41366,-0.51872,0.09983,0.73132,-2.39422,0.00000,0.00000
0.04078,0.46202,-0.41646,-0.52003,0.09820,0.73296,-2.39424,0.00000,0.00000
0.03649,0.46414,-0.41923,-0.52128,0.09660,0.73474,-2.39425,0.00000,0.00000
0.03223,0.46630,-0.42198,-0.52248,0.09501,0.73666,-2.39426,0.00000,0.00000
0.02800,0.46848,-0.42470,-0.52362,0.09345,0.73871,-2.39427,0.00000,0.00000
0.02380,0.47070,-0.42740,-0.52471,0.09190,0.74090,-2.39428,0.00000,0.00000
0.01963,0.47294,-0.43006,-0.52574,0.09038,0.74323,-2.39429,0.00000,0.00000
0.01550,0.47521,-0.43270,-0.52672,0.08888,0.74568,-2.39430,0.00000,0.00000
0.01140,0.47751,-0.43531,-0.52765,0.08740,0.74827,-2.39431,0.00000,0.00000
0.00733,0.47983,-0.43788,-0.52852,0.08595,0.75098,-2.39432,0.00000,0.00000
0.00330,0.48218,-0.44043,-0.52933,0.08451,0.75382,-2.39433,0.00000,0.00000
-0.00069,0.48455,-0.44295,-0.53009,0.08311,0.75677,-2.39434,0.00000,0.00000
-0.00465,0.48694,-0.44543,-0.53080,0.08172,0.75985,-2.39435,0.00000,0.00000
-0.00856,0.48936,-0.44789,-0.53146,0.08037,0.76304,-2.39436,0.00000,0.00000
-0.01244,0.49180,-0.45031,-0.53207,0.07903,0.76635,-2.39437,0.00000,0.00000
-0.01628,0.49426,-0.45271,-0.53262,0.07772,0.76977,-2.39437,0.00000,0.00000
-0.02008,0.49674,-0.45506,-0.53312,0.07644,0.77329,-2.39438,0.00000,0.00000
-0.02384,0.49924,-0.45739,-0.53358,0.07518,0.77692,-2.39439,0.00000,0.00000
-0.02756,0.50175,-0.45969,-0.53398,0.07394,0.78066,-2.39439,0.00000,0.00000
-0.03124,0.50428,-0.46195,-0.53434,0.07273,0.78449,-2.39440,0.00000,0.00000
-0.03487,0.50683,-0.46417,-0.53464,0.07154,0.78843,-2.39441,0.00000,0.00000
-0.03846,0.50939,-0.46637,-0.53490,0.07038,0.79245,-2.39441,0.00000,0.00000
-0.04201,0.51197,-0.46853,-0.53511,0.06923,0.79657,-2.39442,0.00000,0.00000
-0.04552,0.51456,-0.47065,-0.53528,0.06810,0.80078,-2.39443,0.00000,0.00000
-0.04898,0.51716,-0.47274,-0.53540,0.06699,0.80508,-2.39444,0.00000,0.00000
-0.05239,0.51977,-0.47480,-0.53548,0.06591,0.80945,-2.39445,0.00000,0.00000
-0.05576,0.52239,-0.47682,-0.53551,0.06484,0.81391,-2.39445,0.00000,0.00000
-0.05909,0.52502,-0.47881,-0.53551,0.06380,0.81845,-2.39446,0.00000,0.00000
-0.06237,0.52767,-0.48076,-0.53546,0.06278,0.82306,-2.39447,0.00000,0.00000
-0.06560,0.53031,-0.48268,-0.53537,0.06178,0.82774,-2.39448,0.00000,0.00000
-0.06879,0.53297,-0.48456,-0.53524,0.06080,0.83249,-2.39449,0.00000,0.00000
-0.07193,0.53563,-0.48641,-0.53507,0.05985,0.83730,-2.39450,0.00000,0.00000
-0.07502,0.53830,-0.48822,-0.53487,0.05892,0.84218,-2.39451,0.00000,0.00000
-0.07806,0.54097,-0.49000,-0.53462,0.05802,0.84712,-2.39452,0.00000,0.00000
-0.08106,0.54364,-0.49174,-0.53434,0.05713,0.85211,-2.39453,0.00000,0.00000
-0.08401,0.54632,-0.49345,-0.53403,0.05627,0.85716,-2.39453,0.00000,0.00000
-0.08691,0.54900,-0.49513,-0.53368,0.05543,0.86227,-2.39454,0.00000,0.00000
-0.08976,0.55167,-0.49677,-0.53330,0.05461,0.86742,-2.39455,0.00000,0.00000
-0.09257,0.55435,-0.49838,-0.53289,0.05381,0.87261,-2.39456,0.00000,0.00000
-0.09532,0.55703,-0.49995,-0.53245,0.05304,0.87785,-2.39457,0.00000,0.00000
-0.09803,0.55971,-0.50149,-0.53197,0.05228,0.88314,-2.39458,0.00000,0.00000
-0.10069,0.56238,-0.50300,-0.53147,0.05155,0.88846,-2.39458,0.00000,0.00000
-0.10330,0.56505,-0.50447,-0.53093,0.05084,0.89381,-2.39459,0.00000,0.00000
-0.10586,0.56771,-0.50591,-0.53037,0.05015,0.89920,-2.39460,0.00000,0.00000
-0.10837,0.57037,-0.50732,-0.52978,0.04948,0.90462,-2.39461,0.00000,0.00000
-0.11083,0.57303,-0.50870,-0.52917,0.04883,0.91006,-2.39462,0.00000,0.00000
-0.11324,0.57567,-0.51004,-0.52853,0.04820,0.91554,-2.39462,0.00000,0.00000
-0.11560,0.57831,-0.51135,-0.52786,0.04760,0.92103,-2.39463,0.00000,0.00000
-0.11792,0.58094,-0.51263,-0.52718,0.04701,0.92655,-2.39464,0.00000,0.00000
-0.12018,0.58356,-0.51388,-0.52646,0.04644,0.93208,-2.39465,0.00000,0.00000
-0.12240,0.58617,-0.51509,-0.52573,0.04589,0.93763,-2.39465,0.00000,0.00000
-0.12456,0.58877,-0.51627,-0.52498,0.04536,0.94319,-2.39466,0.00000,0.00000
-0.12668,0.59136,-0.51743,-0.52420,0.04485,0.94876,-2.39467,0.00000,0.00000
-0.12874,0.59394,-0.51855,-0.52340,0.04436,0.95435,-2.39467,0.00000,0.00000
-0.13076,0.59651,-0.51964,-0.52259,0.04389,0.95994,-2.39468,0.00000,0.00000
-0.13272,0.59906,-0.52070,-0.52176,0.04343,0.96553,-2.39469,0.00000,0.00000
-0.13464,0.60159,-0.52174,-0.52090,0.04300,0.97113,-2.39469,0.00000,0.00000
-0.13650,0.60411,-0.52274,-0.52004,0.04258,0.97672,-2.39470,0.00000,0.00000
-0.13832,0.60662,-0.52371,-0.51915,0.04218,0.98232,-2.39471,0.00000,0.00000
-0.14008,0.60911,-0.52466,-0.51825,0.04180,0.98791,-2.39471,0.00000,0.00000
-0.14180,0.61158,-0.52557,-0.51733,0.04144,0.99349,-2.39472,0.00000,0.00000
-0.14347,0.61403,-0.52646,-0.51640,0.04109,0.99907,-2.39473,0.00000,0.00000
-0.14508,0.61647,-0.52732,-0.51546,0.04076,1.00464,-2.39473,0.00000,0.00000
-0.14665,0.61888,-0.52815,-0.51450,0.04045,1.01020,-2.39474,0.00000,0.00000
-0.14816,0.62128,-0.52895,-0.51353,0.04015,1.01574,-2.39475,0.00000,0.00000
-0.14963,0.62366,-0.52973,-0.51254,0.03988,1.02127,-2.39475,0.00000,0.00000
-0.15105,0.62601,-0.53048,-0.51155,0.03961,1.02678,-2.39476,0.00000,0.00000
-0.15241,0.62835,-0.53120,-0.51054,0.03937,1.03227,-2.39476,0.00000,0.00000
-0.15373,0.63066,-0.53190,-0.50952,0.03914,1.03774,-2.39477,0.00000,0.00000
-0.15499,0.63295,-0.53258,-0.50849,0.03892,1.04319,-2.39477,0.00000,0.00000
-0.15621,0.63522,-0.53322,-0.50745,0.03879,1.04862,-2.39475,0.00000,0.00000
-0.15738,0.63746,-0.53386,-0.50640,0.03867,1.05402,-2.39475,0.00000,0.00000
-0.15850,0.63968,-0.53448,-0.50534,0.03850,1.05939,-2.39475,0.00000,0.00000
-0.15956,0.64187,-0.53506,-0.50428,0.03835,1.06474,-2.39475,0.00000,0.00000
-0.16058,0.64404,-0.53561,-0.50320,0.03821,1.07006,-2.39475,0.00000,0.00000
-0.16155,0.64619,-0.53614,-0.50212,0.03808,1.07534,-2.39475,0.00000,0.00000
-0.16246,0.64830,-0.53664,-0.50103,0.03798,1.08060,-2.39474,0.00000,0.00000
-0.16333,0.65039,-0.53712,-0.49993,0.03788,1.08582,-2.39474,0.00000,0.00000
-0.16414,0.65246,-0.53757,-0.49882,0.03780,1.09100,-2.39474,0.00000,0.00000
-0.16491,0.65449,-0.53800,-0.49771,0.03773,1.09615,-2.39474,0.00000,0.00000
-0.16563,0.65650,-0.53841,-0.49660,0.03768,1.10127,-2.39474,0.00000,0.00000
-0.16629,0.65848,-0.53880,-0.49547,0.03764,1.10634,-2.39474,0.00000,0.00000
-0.16691,0.66043,-0.53916,-0.49435,0.03762,1.11137,-2.39474,0.00000,0.00000
-0.16747,0.66236,-0.53950,-0.49321,0.03761,1.11636,-2.39474,0.00000,0.00000
-0.16799,0.66425,-0.53982,-0.49208,0.03761,1.12131,-2.39474,0.00000,0.00000
-0.16846,0.66611,-0.54011,-0.49093,0.03762,1.12622,-2.39474,0.00000,0.00000
-0.16887,0.66795,-0.54039,-0.48979,0.03765,1.13108,-2.39474,0.00000,0.00000
-0.16924,0.66975,-0.54064,-0.48864,0.03769,1.13590,-2.39474,0.00000,0.00000
-0.16956,0.67152,-0.54087,-0.48748,0.03774,1.14067,-2.39473,0.00000,0.00000
-0.16982,0.67326,-0.54108,-0.48633,0.03781,1.14539,-2.39473,0.00000,0.00000
-0.17004,0.67497,-0.54127,-0.48517,0.03788,1.15007,-2.39473,0.00000,0.00000
-0.17021,0.67665,-0.54144,-0.48400,0.03797,1.15470,-2.39473,0.00000,0.00000
-0.17033,0.67829,-0.54159,-0.48283,0.03808,1.15928,-2.39473,0.00000,0.00000
-0.17040,0.67991,-0.54172,-0.48166,0.03819,1.16380,-2.39473,0.00000,0.00000
-0.17042,0.68149,-0.54183,-0.48049,0.03832,1.16828,-2.39472,0.00000,0.00000
-0.17039,0.68304,-0.54192,-0.47932,0.03845,1.17271,-2.39472,0.00000,0.00000
-0.17031,0.68455,-0.54198,-0.47814,0.03860,1.17708,-2.39472,0.00000,0.00000
-0.17018,0.68604,-0.54203,-0.47696,0.03877,1.18140,-2.39472,0.00000,0.00000
-0.17001,0.68749,-0.54206,-0.47578,0.03894,1.18566,-2.39472,0.00000,0.00000
-0.16978,0.68890,-0.54207,-0.47459,0.03912,1.18987,-2.39472,0.00000,0.00000
-0.16951,0.69029,-0.54206,-0.47340,0.03932,1.19402,-2.39473,0.00000,0.00000
-0.16918,0.69164,-0.54203,-0.47221,0.03952,1.19812,-2.39473,0.00000,0.00000
-0.16881,0.69295,-0.54198,-0.47102,0.03974,1.20216,-2.39473,0.00000,0.00000
-0.16839,0.69424,-0.54191,-0.46982,0.03997,1.20615,-2.39474,0.00000,0.00000
-0.16793,0.69549,-0.54182,-0.46863,0.04021,1.21008,-2.39474,0.00000,0.00000
-0.16741,0.69670,-0.54172,-0.46743,0.04046,1.21395,-2.39474,0.00000,0.00000
-0.16685,0.69788,-0.54160,-0.46623,0.04072,1.21777,-2.39475,0.00000,0.00000
-0.16624,0.69903,-0.54145,-0.46503,0.04099,1.22153,-2.39475,0.00000,0.00000
-0.16558,0.70014,-0.54129,-0.46383,0.04127,1.22524,-2.39475,0.00000,0.00000
-0.16487,0.70122,-0.54112,-0.46262,0.04156,1.22889,-2.39475,0.00000,0.00000
-0.16412,0.70226,-0.54092,-0.46142,0.04186,1.23248,-2.39476,0.00000,0.00000
-0.16331,0.70327,-0.54071,-0.46021,0.04218,1.23601,-2.39476,0.00000,0.00000
-0.16247,0.70425,-0.54048,-0.45901,0.04250,1.23948,-2.39476,0.00000,0.00000
-0.16157,0.70519,-0.54023,-0.45780,0.04283,1.24290,-2.39476,0.00000,0.00000
-0.16062,0.70610,-0.53997,-0.45659,0.04317,1.24626,-2.39476,0.00000,0.00000
-0.15963,0.70698,-0.53969,-0.45538,0.04352,1.24956,-2.39477,0.00000,0.00000
-0.15860,0.70782,-0.53939,-0.45417,0.04389,1.25280,-2.39477,0.00000,0.00000
-0.15751,0.70862,-0.53908,-0.45295,0.04426,1.25599,-2.39477,0.00000,0.00000
-0.15638,0.70940,-0.53875,-0.45174,0.04464,1.25912,-2.39477,0.00000,0.00000
-0.15521,0.71014,-0.53840,-0.45052,0.04503,1.26219,-2.39477,0.00000,0.00000
-0.15398,0.71084,-0.53804,-0.44930,0.04543,1.26520,-2.39477,0.00000,0.00000
-0.15271,0.71152,-0.53766,-0.44808,0.04584,1.26816,-2.39478,0.00000,0.00000
-0.15140,0.71216,-0.53726,-0.44686,0.04626,1.27106,-2.39478,0.00000,0.00000
-0.15004,0.71277,-0.53685,-0.44563,0.04669,1.27391,-2.39478,0.00000,0.00000
-0.14864,0.71334,-0.53642,-0.44441,0.04713,1.27670,-2.39478,0.00000,0.00000
-0.14719,0.71388,-0.53597,-0.44318,0.04758,1.27943,-2.39478,0.00000,0.00000
-0.14569,0.71439,-0.53551,-0.44195,0.04804,1.28211,-2.39478,0.00000,0.00000
-0.14415,0.71487,-0.53504,-0.44071,0.04851,1.28474,-2.39479,0.00000,0.00000
-0.14257,0.71532,-0.53455,-0.43948,0.04899,1.28731,-2.39479,0.00000,0.00000
-0.14094,0.71573,-0.53404,-0.43824,0.04947,1.28982,-2.39479,0.00000,0.00000
-0.13927,0.71611,-0.53351,-0.43700,0.04997,1.29229,-2.39479,0.00000,0.00000
-0.13755,0.71647,-0.53298,-0.43576,0.05047,1.29470,-2.39479,0.00000,0.00000
-0.13579,0.71679,-0.53242,-0.43451,0.05099,1.29706,-2.39479,0.00000,0.00000
-0.13399,0.71708,-0.53185,-0.43327,0.05151,1.29936,-2.39480,0.00000,0.00000
-0.13215,0.71734,-0.53127,-0.43201,0.05204,1.30162,-2.39480,0.00000,0.00000
-0.13026,0.71757,-0.53067,-0.43076,0.05258,1.30383,-2.39480,0.00000,0.00000
-0.12833,0.71777,-0.53005,-0.42950,0.05313,1.30599,-2.39480,0.00000,0.00000
-0.12636,0.71795,-0.52942,-0.42824,0.05369,1.30810,-2.39480,0.00000,0.00000
-0.12435,0.71809,-0.52878,-0.42698,0.05426,1.31016,-2.39480,0.00000,0.00000
-0.12229,0.71821,-0.52812,-0.42571,0.05484,1.31217,-2.39480,0.00000,0.00000
-0.12020,0.71830,-0.52744,-0.42443,0.05543,1.31414,-2.39481,0.00000,0.00000
-0.11806,0.71836,-0.52675,-0.42316,0.05603,1.31607,-2.39481,0.00000,0.00000
-0.11589,0.71839,-0.52605,-0.42188,0.05663,1.31795,-2.39481,0.00000,0.00000
-0.11367,0.71839,-0.52533,-0.42059,0.05724,1.31979,-2.39481,0.00000,0.00000
-0.11141,0.71837,-0.52460,-0.41930,0.05787,1.32158,-2.39481,0.00000,0.00000
-0.10912,0.71833,-0.52385,-0.41801,0.05850,1.32334,-2.39481,0.00000,0.00000
-0.10678,0.71826,-0.52309,-0.41671,0.05914,1.32505,-2.39481,0.00000,0.00000
-0.10441,0.71816,-0.52231,-0.41541,0.05979,1.32672,-2.39482,0.00000,0.00000
-0.10200,0.71804,-0.52152,-0.41410,0.06045,1.32836,-2.39482,0.00000,0.00000
-0.09955,0.71790,-0.52071,-0.41279,0.06112,1.32996,-2.39482,0.00000,0.00000
-0.09706,0.71773,-0.51989,-0.41147,0.06179,1.33152,-2.39482,0.00000,0.00000
-0.09453,0.71754,-0.51906,-0.41014,0.06248,1.33305,-2.39482,0.00000,0.00000
-0.09197,0.71732,-0.51822,-0.40881,0.06317,1.33454,-2.39482,0.00000,0.00000
-0.08937,0.71709,-0.51735,-0.40748,0.06388,1.33600,-2.39482,0.00000,0.00000
-0.08674,0.71683,-0.51648,-0.40614,0.06459,1.33743,-2.39483,0.00000,0.00000
-0.08407,0.71655,-0.51559,-0.40479,0.06531,1.33883,-2.39483,0.00000,0.00000
-0.08136,0.71625,-0.51469,-0.40344,0.06604,1.34019,-2.39483,0.00000,0.00000
-0.07862,0.71593,-0.51378,-0.40208,0.06678,1.34153,-2.39483,0.00000,0.00000
-0.07585,0.71559,-0.51285,-0.40071,0.06752,1.34285,-2.39483,0.00000,0.00000
-0.07304,0.71523,-0.51191,-0.39934,0.06828,1.34414,-2.39483,0.00000,0.00000
-0.07020,0.71486,-0.51095,-0.39796,0.06904,1.34540,-2.39484,0.00000,0.00000
-0.06732,0.71446,-0.50998,-0.39658,0.06982,1.34664,-2.39484,0.00000,0.00000
-0.06442,0.71405,-0.50900,-0.39519,0.07060,1.34786,-2.39484,0.00000,0.00000
-0.06147,0.71362,-0.50801,-0.39379,0.07139,1.34905,-2.39484,0.00000,0.00000
-0.05850,0.71318,-0.50700,-0.39238,0.07219,1.35023,-2.39484,0.00000,0.00000
-0.05550,0.71272,-0.50598,-0.39097,0.07299,1.35139,-2.39484,0.00000,0.00000
-0.05246,0.71224,-0.50495,-0.38955,0.07381,1.35253,-2.39484,0.00000,0.00000
-0.04940,0.71175,-0.50391,-0.38812,0.07463,1.35366,-2.39485,0.00000,0.00000
-0.04630,0.71125,-0.50285,-0.38669,0.07547,1.35477,-2.39485,0.00000,0.00000
-0.04318,0.71073,-0.50178,-0.38524,0.07631,1.35587,-2.39485,0.00000,0.00000
-0.04002,0.71020,-0.50070,-0.38379,0.07716,1.35696,-2.39485,0.00000,0.00000
-0.03684,0.70966,-0.49960,-0.38234,0.07802,1.35803,-2.39486,0.00000,0.00000
-0.03363,0.70911,-0.49849,-0.38087,0.07889,1.35910,-2.39486,0.00000,0.00000
-0.03039,0.70854,-0.49736,-0.37940,0.07977,1.36016,-2.39487,0.00000,0.00000
-0.02713,0.70797,-0.49622,-0.37792,0.08066,1.36121,-2.39487,0.00000,0.00000
-0.02384,0.70738,-0.49507,-0.37643,0.08155,1.36226,-2.39488,0.00000,0.00000
-0.02052,0.70679,-0.49391,-0.37493,0.08245,1.36330,-2.39488,0.00000,0.00000
-0.01718,0.70618,-0.49273,-0.37343,0.08336,1.36434,-2.39488,0.00000,0.00000
-0.01381,0.70557,-0.49155,-0.37192,0.08428,1.36538,-2.39489,0.00000,0.00000
-0.01042,0.70495,-0.49035,-0.37040,0.08520,1.36641,-2.39489,0.00000,0.00000
-0.00701,0.70432,-0.48914,-0.36887,0.08614,1.36745,-2.39490,0.00000,0.00000
-0.00357,0.70369,-0.48793,-0.36734,0.08708,1.36849,-2.39490,0.00000,0.00000
-0.00011,0.70305,-0.48670,-0.36580,0.08803,1.36953,-2.39491,0.00000,0.00000
0.00338,0.70241,-0.48546,-0.36425,0.08898,1.37058,-2.39491,0.00000,0.00000
0.00689,0.70176,-0.48422,-0.36269,0.08994,1.37163,-2.39491,0.00000,0.00000
0.01041,0.70110,-0.48296,-0.36113,0.09091,1.37269,-2.39492,0.00000,0.00000
0.01396,0.70045,-0.48170,-0.35956,0.09189,1.37375,-2.39492,0.00000,0.00000
0.01753,0.69979,-0.48042,-0.35798,0.09288,1.37483,-2.39493,0.00000,0.00000
0.02112,0.69913,-0.47914,-0.35639,0.09387,1.37592,-2.39493,0.00000,0.00000
0.02473,0.69846,-0.47785,-0.35480,0.09487,1.37701,-2.39494,0.00000,0.00000
0.02836,0.69780,-0.47655,-0.35320,0.09587,1.37812,-2.39494,0.00000,0.00000
0.03201,0.69713,-0.47524,-0.35159,0.09689,1.37924,-2.39495,0.00000,0.00000
0.03567,0.69646,-0.47392,-0.34998,0.09791,1.38038,-2.39495,0.00000,0.00000
0.03936,0.69579,-0.47260,-0.34835,0.09893,1.38153,-2.39496,0.00000,0.00000
0.04306,0.69513,-0.47127,-0.34673,0.09997,1.38270,-2.39496,0.00000,0.00000
0.04677,0.69446,-0.46993,-0.34509,0.10101,1.38388,-2.39497,0.00000,0.00000
0.05051,0.69380,-0.46858,-0.34345,0.10205,1.38508,-2.39497,0.00000,0.00000
0.05425,0.69314,-0.46723,-0.34180,0.10310,1.38630,-2.39498,0.00000,0.00000
0.05802,0.69248,-0.46587,-0.34015,0.10416,1.38754,-2.39498,0.00000,0.00000
0.06179,0.69182,-0.46451,-0.33849,0.10523,1.38881,-2.39499,0.00000,0.00000
0.06559,0.69117,-0.46313,-0.33682,0.10630,1.39009,-2.39499,0.00000,0.00000
0.06939,0.69052,-0.46175,-0.33515,0.10737,1.39139,-2.39500,0.00000,0.00000
0.07321,0.68988,-0.46037,-0.33348,0.10846,1.39272,-2.39500,0.00000,0.00000
0.07704,0.68924,-0.45898,-0.33180,0.10954,1.39407,-2.39501,0.00000,0.00000
0.08088,0.68861,-0.45759,-0.33011,0.11064,1.39545,-2.39501,0.00000,0.00000
0.08473,0.68798,-0.45619,-0.32842,0.11173,1.39685,-2.39502,0.00000,0.00000
0.08859,0.68736,-0.45478,-0.32672,0.11284,1.39828,-2.39503,0.00000,0.00000
0.09247,0.68674,-0.45337,-0.32502,0.11394,1.39973,-2.39503,0.00000,0.00000
0.09635,0.68613,-0.45196,-0.32332,0.11506,1.40121,-2.39504,0.00000,0.00000
0.10024,0.68553,-0.45054,-0.32161,0.11617,1.40272,-2.39504,0.00000,0.00000
0.10414,0.68493,-0.44912,-0.31990,0.11730,1.40426,-2.39505,0.00000,0.00000
0.10805,0.68435,-0.44770,-0.31819,0.11842,1.40582,-2.39506,0.00000,0.00000
0.11197,0.68377,-0.44627,-0.31647,0.11955,1.40741,-2.39506,0.00000,0.00000
0.11589,0.68320,-0.44484,-0.31475,0.12069,1.40903,-2.39507,0.00000,0.00000
0.11982,0.68264,-0.44341,-0.31303,0.12183,1.41068,-2.39508,0.00000,0.00000
0.12375,0.68208,-0.44198,-0.31131,0.12297,1.41236,-2.39509,0.00000,0.00000
