-0.06623,0.29188,-0.08106,2.26030,0.17740,6.31951,0.00214,0.00000,0.00000
0.03267,0.26372,-0.05331,2.07381,0.18983,5.81692,0.00187,0.00000,0.00000
0.12223,0.23837,-0.01744,1.90475,0.20275,5.35887,0.00178,0.00000,0.00000
0.20298,0.21543,0.02377,1.75277,0.21538,4.94171,0.00177,0.00000,0.00000
0.27556,0.19461,0.06723,1.61618,0.22728,4.56185,0.00182,0.00000,0.00000
0.34064,0.17567,0.11058,1.49332,0.23824,4.21596,0.00192,0.00000,0.00000
0.39890,0.15841,0.15217,1.38272,0.24817,3.90101,0.00206,0.00000,0.00000
0.45097,0.14265,0.19116,1.28307,0.25704,3.61423,0.00223,0.00000,0.00000
0.49746,0.12824,0.22704,1.19322,0.26489,3.35310,0.00242,0.00000,0.00000
0.53893,0.11506,0.25951,1.11214,0.27179,3.11532,0.00264,0.00000,0.00000
0.57589,0.10300,0.28874,1.03891,0.27779,2.89879,0.00286,0.00000,0.00000
0.60882,0.09195,0.31460,0.97273,0.28299,2.70160,0.00309,0.00000,0.00000
0.63812,0.08183,0.33754,0.91286,0.28745,2.52204,0.00332,0.00000,0.00000
0.66380,0.07240,0.36511,0.85911,0.29039,2.35871,0.00119,0.00000,0.00000
0.68673,0.06389,0.38382,0.80964,0.29336,2.20970,0.00146,0.00000,0.00000
0.70706,0.05611,0.39937,0.76506,0.29585,2.07407,0.00167,0.00000,0.00000
0.72509,0.04900,0.41294,0.72463,0.29790,1.95055,0.00183,0.00000,0.00000
0.74104,0.04251,0.42482,0.68791,0.29956,1.83804,0.00196,0.00000,0.00000
0.75512,0.03659,0.43515,0.65452,0.30089,1.73556,0.00206,0.00000,0.00000
0.76754,0.03120,0.44404,0.62411,0.30192,1.64220,0.00214,0.00000,0.00000
0.77845,0.02631,0.45173,0.59640,0.30268,1.55714,0.00220,0.00000,0.00000
0.78801,0.02188,0.45835,0.57112,0.30321,1.47964,0.00225,0.00000,0.00000
0.79634,0.01787,0.46402,0.54801,0.30354,1.40901,0.00228,0.00000,0.00000
0.80357,0.01425,0.46886,0.52687,0.30368,1.34464,0.00230,0.00000,0.00000
0.80980,0.01100,0.47295,0.50750,0.30366,1.28595,0.00231,0.00000,0.00000
0.81512,0.00808,0.47638,0.48973,0.30349,1.23244,0.00232,0.00000,0.00000
0.81962,0.00547,0.47923,0.47339,0.30320,1.18361,0.00232,0.00000,0.00000
0.82337,0.00314,0.48155,0.45833,0.30279,1.13905,0.00231,0.00000,0.00000
0.82644,0.00107,0.48341,0.44445,0.30227,1.09836,0.00230,0.00000,0.00000
0.82889,-0.00075,0.48482,0.43160,0.30167,1.06117,0.00229,0.00000,0.00000
0.83077,-0.00236,0.48584,0.41970,0.30098,1.02716,0.00228,0.00000,0.00000
0.83213,-0.00377,0.48653,0.40864,0.30021,0.99602,0.00227,0.00000,0.00000
0.83301,-0.00501,0.48692,0.39835,0.29937,0.96749,0.00226,0.00000,0.00000
0.83345,-0.00608,0.48705,0.38873,0.29846,0.94129,0.00224,0.00000,0.00000
0.83348,-0.00701,0.48692,0.37973,0.29742,0.91721,0.00222,0.00000,0.00000
0.83307,-0.00792,0.48651,0.37118,0.29327,0.89514,0.00195,0.00000,0.00000
0.83234,-0.00877,0.48585,0.36306,0.28726,0.87481,0.00155,0.00000,0.00000
0.83171,-0.00932,0.48247,0.35557,0.28488,0.85587,0.00111,0.00000,0.00000
0.83097,-0.00971,0.47785,0.34852,0.28369,0.83828,0.00075,0.00000,0.00000
0.83003,-0.01003,0.47277,0.34181,0.28242,0.82193,0.00059,0.00000,0.00000
0.82887,-0.01031,0.46755,0.33539,0.28115,0.80669,0.00057,0.00000,0.00000
0.82755,-0.01053,0.46184,0.32927,0.27985,0.79237,0.00057,0.00000,0.00000
0.82606,-0.01074,0.45611,0.32339,0.27854,0.77889,0.00058,0.00000,0.00000
0.82445,-0.01092,0.44988,0.31776,0.27721,0.76610,0.00060,0.00000,0.00000
0.82271,-0.01108,0.44353,0.31233,0.27587,0.75394,0.00062,0.00000,0.00000
0.82085,-0.01125,0.43687,0.30710,0.27450,0.74230,0.00065,0.00000,0.00000
0.81889,-0.01142,0.43003,0.30203,0.27312,0.73111,0.00067,0.00000,0.00000
0.81681,-0.01161,0.42308,0.29711,0.27172,0.72028,0.00070,0.00000,0.00000
0.81464,-0.01182,0.41576,0.29233,0.27029,0.70976,0.00072,0.00000,0.00000
0.81238,-0.01206,0.40811,0.28767,0.26885,0.69947,0.00075,0.00000,0.00000
0.81004,-0.01233,0.40011,0.28312,0.26738,0.68937,0.00079,0.00000,0.00000
0.80763,-0.01265,0.39170,0.27866,0.26590,0.67939,0.00082,0.00000,0.00000
0.80517,-0.01302,0.38284,0.27430,0.26440,0.66948,0.00086,0.00000,0.00000
0.80265,-0.01344,0.37349,0.27000,0.26288,0.65961,0.00089,0.00000,0.00000
0.80011,-0.01391,0.36354,0.26577,0.26134,0.64972,0.00093,0.00000,0.00000
0.79754,-0.01445,0.35304,0.26160,0.25980,0.63978,0.00098,0.00000,0.00000
0.79501,-0.01505,0.34110,0.25751,0.25823,0.62977,0.00103,0.00000,0.00000
0.79253,-0.01570,0.32814,0.25345,0.25667,0.61965,0.00109,0.00000,0.00000
0.79015,-0.01641,0.31360,0.24943,0.25511,0.60940,0.00116,0.00000,0.00000
0.78803,-0.01713,0.29561,0.24550,0.25354,0.59905,0.00121,0.00000,0.00000
0.78652,-0.01792,0.27274,0.24177,0.24824,0.58819,0.00040,0.00000,0.00000
0.78359,-0.01952,0.27351,0.23800,0.23771,0.57701,-0.00095,0.00000,0.00000
0.78073,-0.02086,0.27365,0.23447,0.23665,0.56579,-0.00093,0.00000,0.00000
0.77744,-0.02231,0.27256,0.23091,0.23524,0.55433,-0.00093,0.00000,0.00000
0.77377,-0.02385,0.27055,0.22731,0.23360,0.54257,-0.00094,0.00000,0.00000
0.76976,-0.02549,0.26797,0.22369,0.23178,0.53052,-0.00095,0.00000,0.00000
0.76544,-0.02725,0.26503,0.22004,0.22984,0.51814,-0.00096,0.00000,0.00000
0.76084,-0.02912,0.26187,0.21638,0.22780,0.50543,-0.00097,0.00000,0.00000
0.75597,-0.03111,0.25855,0.21271,0.22568,0.49236,-0.00098,0.00000,0.00000
0.75085,-0.03322,0.25514,0.20903,0.22349,0.47894,-0.00099,0.00000,0.00000
0.74549,-0.03544,0.25166,0.20535,0.22123,0.46515,-0.00100,0.00000,0.00000
0.73991,-0.03779,0.24811,0.20165,0.21891,0.45097,-0.00100,0.00000,0.00000
0.73411,-0.04026,0.24452,0.19795,0.21654,0.43641,-0.00101,0.00000,0.00000
0.72811,-0.04285,0.24089,0.19424,0.21412,0.42145,-0.00101,0.00000,0.00000
0.72191,-0.04557,0.23722,0.19053,0.21164,0.40609,-0.00102,0.00000,0.00000
0.71551,-0.04841,0.23352,0.18681,0.20912,0.39032,-0.00102,0.00000,0.00000
0.70894,-0.05137,0.22978,0.18308,0.20656,0.37414,-0.00102,0.00000,0.00000
0.70219,-0.05446,0.22602,0.17935,0.20395,0.35754,-0.00102,0.00000,0.00000
0.69527,-0.05767,0.22221,0.17562,0.20130,0.34052,-0.00101,0.00000,0.00000
0.68819,-0.06100,0.21840,0.17187,0.19861,0.32308,-0.00101,0.00000,0.00000
0.68095,-0.06446,0.21456,0.16812,0.19588,0.30521,-0.00101,0.00000,0.00000
0.67356,-0.06804,0.21070,0.16437,0.19312,0.28692,-0.00100,0.00000,0.00000
0.66602,-0.07175,0.20681,0.16061,0.19031,0.26821,-0.00100,0.00000,0.00000
0.65833,-0.07557,0.20289,0.15685,0.18748,0.24907,-0.00099,0.00000,0.00000
0.65051,-0.07951,0.19894,0.15308,0.18461,0.22951,-0.00099,0.00000,0.00000
0.64255,-0.08358,0.19496,0.14930,0.18170,0.20953,-0.00098,0.00000,0.00000
0.63446,-0.08776,0.19096,0.14552,0.17876,0.18914,-0.00097,0.00000,0.00000
0.62624,-0.09206,0.18693,0.14173,0.17579,0.16832,-0.00096,0.00000,0.00000
0.61790,-0.09647,0.18288,0.13794,0.17279,0.14710,-0.00095,0.00000,0.00000
0.60944,-0.10100,0.17880,0.13414,0.16976,0.12546,-0.00094,0.00000,0.00000
0.60086,-0.10565,0.17469,0.13033,0.16671,0.10343,-0.00093,0.00000,0.00000
0.59216,-0.11040,0.17057,0.12651,0.16362,0.08100,-0.00092,0.00000,0.00000
0.58335,-0.11526,0.16642,0.12268,0.16050,0.05818,-0.00091,0.00000,0.00000
0.57444,-0.12023,0.16224,0.11885,0.15736,0.03497,-0.00090,0.00000,0.00000
0.56494,-0.12663,0.15811,0.11435,0.15397,0.00596,-0.00088,0.00000,0.00000
0.55555,-0.12950,0.15399,0.11171,0.15098,-0.00791,-0.00088,0.00000,0.00000
0.54717,-0.13573,0.14917,0.10726,0.14773,-0.03683,-0.00087,0.00000,0.00000
0.53784,-0.14111,0.14517,0.10338,0.14452,-0.06151,-0.00086,0.00000,0.00000
0.52841,-0.14659,0.14100,0.09948,0.14126,-0.08652,-0.00084,0.00000,0.00000
0.51888,-0.15216,0.13675,0.09557,0.13797,-0.11187,-0.00083,0.00000,0.00000
0.50926,-0.15782,0.13246,0.09163,0.13465,-0.13755,-0.00081,0.00000,0.00000
0.49956,-0.16357,0.12813,0.08768,0.13130,-0.16353,-0.00080,0.00000,0.00000
0.48976,-0.16940,0.12378,0.08371,0.12793,-0.18982,-0.00078,0.00000,0.00000
0.47989,-0.17531,0.11941,0.07972,0.12452,-0.21640,-0.00077,0.00000,0.00000
0.46993,-0.18130,0.11502,0.07571,0.12110,-0.24326,-0.00076,0.00000,0.00000
0.45989,-0.18736,0.11060,0.07167,0.11764,-0.27038,-0.00074,0.00000,0.00000
0.44977,-0.19350,0.10616,0.06761,0.11416,-0.29775,-0.00073,0.00000,0.00000
0.43958,-0.19970,0.10170,0.06352,0.11066,-0.32536,-0.00072,0.00000,0.00000
0.42932,-0.20597,0.09722,0.05940,0.10713,-0.35320,-0.00070,0.00000,0.00000
0.41899,-0.21229,0.09272,0.05525,0.10358,-0.38125,-0.00069,0.00000,0.00000
0.40859,-0.21868,0.08820,0.05107,0.10001,-0.40949,-0.00067,0.00000,0.00000
0.39812,-0.22511,0.08366,0.04685,0.09641,-0.43791,-0.00066,0.00000,0.00000
0.38759,-0.23159,0.07910,0.04260,0.09279,-0.46650,-0.00064,0.00000,0.00000
0.37700,-0.23812,0.07453,0.03831,0.08915,-0.49524,-0.00063,0.00000,0.00000
0.36635,-0.24468,0.06993,0.03398,0.08548,-0.52411,-0.00062,0.00000,0.00000
0.35564,-0.25128,0.06532,0.02961,0.08179,-0.55309,-0.00060,0.00000,0.00000
0.34488,-0.25791,0.06069,0.02520,0.07808,-0.58218,-0.00059,0.00000,0.00000
0.33407,-0.26456,0.05604,0.02074,0.07434,-0.61134,-0.00057,0.00000,0.00000
0.32320,-0.27123,0.05136,0.01624,0.07058,-0.64058,-0.00056,0.00000,0.00000
0.31229,-0.27792,0.04667,0.01170,0.06679,-0.66986,-0.00054,0.00000,0.00000
0.30133,-0.28462,0.04196,0.00710,0.06298,-0.69917,-0.00053,0.00000,0.00000
0.29033,-0.29132,0.03725,0.00245,0.05915,-0.72849,-0.00052,0.00000,0.00000
0.27929,-0.29803,0.03254,-0.00226,0.05529,-0.75781,-0.00050,0.00000,0.00000
0.26821,-0.30473,0.02782,-0.00701,0.05141,-0.78711,-0.00049,0.00000,0.00000
0.25708,-0.31142,0.02308,-0.01182,0.04750,-0.81636,-0.00048,0.00000,0.00000
0.24592,-0.31809,0.01832,-0.01669,0.04357,-0.84555,-0.00047,0.00000,0.00000
0.23473,-0.32474,0.01355,-0.02161,0.03961,-0.87466,-0.00046,0.00000,0.00000
0.22350,-0.33137,0.00875,-0.02659,0.03563,-0.90368,-0.00044,0.00000,0.00000
0.21225,-0.33796,0.00392,-0.03163,0.03162,-0.93257,-0.00043,0.00000,0.00000
0.20096,-0.34451,-0.00092,-0.03673,0.02759,-0.96134,-0.00042,0.00000,0.00000
0.18966,-0.35102,-0.00579,-0.04189,0.02353,-0.98994,-0.00041,0.00000,0.00000
0.17832,-0.35748,-0.01068,-0.04710,0.01944,-1.01838,-0.00040,0.00000,0.00000
0.16697,-0.36388,-0.01559,-0.05238,0.01532,-1.04663,-0.00039,0.00000,0.00000
0.15560,-0.37022,-0.02049,-0.05771,0.01117,-1.07468,-0.00039,0.00000,0.00000
0.14420,-0.37650,-0.02542,-0.06309,0.00698,-1.10250,-0.00039,0.00000,0.00000
0.13279,-0.38269,-0.03039,-0.06854,0.00276,-1.13008,-0.00039,0.00000,0.00000
0.12137,-0.38881,-0.03538,-0.07405,-0.00149,-1.15740,-0.00039,0.00000,0.00000
0.10993,-0.39485,-0.04041,-0.07962,-0.00577,-1.18445,-0.00039,0.00000,0.00000
0.09848,-0.40079,-0.04545,-0.08526,-0.01008,-1.21121,-0.00039,0.00000,0.00000
0.08703,-0.40664,-0.05053,-0.09095,-0.01442,-1.23766,-0.00040,0.00000,0.00000
0.07557,-0.41238,-0.05563,-0.09671,-0.01878,-1.26379,-0.00040,0.00000,0.00000
0.06410,-0.41802,-0.06075,-0.10253,-0.02318,-1.28958,-0.00041,0.00000,0.00000
0.05262,-0.42354,-0.06585,-0.10842,-0.02761,-1.31502,-0.00042,0.00000,0.00000
0.04113,-0.42894,-0.07093,-0.11437,-0.03206,-1.34010,-0.00043,0.00000,0.00000
0.02964,-0.43422,-0.07603,-0.12039,-0.03655,-1.36479,-0.00044,0.00000,0.00000
0.01815,-0.43937,-0.08116,-0.12646,-0.04106,-1.38909,-0.00045,0.00000,0.00000
0.00665,-0.44438,-0.08631,-0.13259,-0.04561,-1.41298,-0.00047,0.00000,0.00000
-0.00485,-0.44925,-0.09149,-0.13878,-0.05019,-1.43645,-0.00049,0.00000,0.00000
-0.01636,-0.45398,-0.09669,-0.14503,-0.05480,-1.45949,-0.00051,0.00000,0.00000
-0.02787,-0.45855,-0.10187,-0.15132,-0.05946,-1.48208,-0.00054,0.00000,0.00000
-0.03938,-0.46297,-0.10703,-0.15765,-0.06417,-1.50423,-0.00057,0.00000,0.00000
-0.05090,-0.46723,-0.11224,-0.16403,-0.06891,-1.52590,-0.00061,0.00000,0.00000
-0.06241,-0.47132,-0.11749,-0.17047,-0.07370,-1.54710,-0.00065,0.00000,0.00000
-0.07393,-0.47523,-0.12276,-0.17695,-0.07852,-1.56782,-0.00069,0.00000,0.00000
-0.08544,-0.47897,-0.12807,-0.18349,-0.08337,-1.58803,-0.00074,0.00000,0.00000
-0.09695,-0.48253,-0.13339,-0.19008,-0.08826,-1.60775,-0.00079,0.00000,0.00000
-0.10847,-0.48591,-0.13863,-0.19673,-0.09318,-1.62696,-0.00084,0.00000,0.00000
-0.11999,-0.48909,-0.14389,-0.20342,-0.09814,-1.64566,-0.00090,0.00000,0.00000
-0.13151,-0.49209,-0.14917,-0.21016,-0.10313,-1.66382,-0.00097,0.00000,0.00000
-0.14303,-0.49489,-0.15448,-0.21694,-0.10815,-1.68145,-0.00103,0.00000,0.00000
-0.15456,-0.49748,-0.15981,-0.22376,-0.11321,-1.69853,-0.00110,0.00000,0.00000
-0.16610,-0.49988,-0.16500,-0.23059,-0.11835,-1.71510,-0.00119,0.00000,0.00000
-0.17726,-0.50183,-0.17762,-0.23886,-0.11932,-1.73193,-0.00411,0.00000,0.00000
-0.18873,-0.50385,-0.18186,-0.24555,-0.12379,-1.74714,-0.00405,0.00000,0.00000
-0.20025,-0.50565,-0.18639,-0.25243,-0.12866,-1.76183,-0.00409,0.00000,0.00000
-0.21177,-0.50722,-0.19160,-0.25939,-0.13368,-1.77597,-0.00414,0.00000,0.00000
-0.22329,-0.50856,-0.19723,-0.26640,-0.13879,-1.78955,-0.00421,0.00000,0.00000
-0.23480,-0.50967,-0.20311,-0.27344,-0.14397,-1.80257,-0.00429,0.00000,0.00000
-0.24630,-0.51055,-0.20921,-0.28052,-0.14919,-1.81502,-0.00437,0.00000,0.00000
-0.25778,-0.51119,-0.21544,-0.28762,-0.15443,-1.82690,-0.00445,0.00000,0.00000
-0.26924,-0.51160,-0.22179,-0.29476,-0.15970,-1.83820,-0.00453,0.00000,0.00000
-0.28068,-0.51177,-0.22821,-0.30191,-0.16498,-1.84893,-0.00461,0.00000,0.00000
-0.29211,-0.51170,-0.23470,-0.30909,-0.17027,-1.85908,-0.00468,0.00000,0.00000
-0.30352,-0.51139,-0.24125,-0.31629,-0.17558,-1.86865,-0.00476,0.00000,0.00000
-0.31493,-0.51083,-0.24786,-0.32350,-0.18090,-1.87763,-0.00484,0.00000,0.00000
-0.32631,-0.51003,-0.25451,-0.33073,-0.18624,-1.88602,-0.00491,0.00000,0.00000
-0.33769,-0.50899,-0.26121,-0.33797,-0.19158,-1.89383,-0.00498,0.00000,0.00000
-0.34906,-0.50770,-0.26797,-0.34521,-0.19694,-1.90104,-0.00506,0.00000,0.00000
-0.36042,-0.50615,-0.27477,-0.35247,-0.20232,-1.90766,-0.00513,0.00000,0.00000
-0.37178,-0.50436,-0.28163,-0.35973,-0.20770,-1.91369,-0.00520,0.00000,0.00000
-0.38312,-0.50231,-0.28853,-0.36698,-0.21310,-1.91912,-0.00527,0.00000,0.00000
-0.39447,-0.50001,-0.29548,-0.37424,-0.21851,-1.92395,-0.00533,0.00000,0.00000
-0.40581,-0.49746,-0.30249,-0.38150,-0.22393,-1.92819,-0.00540,0.00000,0.00000
-0.41714,-0.49465,-0.30954,-0.38875,-0.22935,-1.93183,-0.00546,0.00000,0.00000
-0.42847,-0.49158,-0.31665,-0.39599,-0.23479,-1.93487,-0.00553,0.00000,0.00000
-0.43980,-0.48826,-0.32380,-0.40322,-0.24023,-1.93731,-0.00558,0.00000,0.00000
-0.45112,-0.48468,-0.33100,-0.41043,-0.24568,-1.93914,-0.00564,0.00000,0.00000
-0.46245,-0.48084,-0.33826,-0.41763,-0.25113,-1.94038,-0.00570,0.00000,0.00000
-0.47377,-0.47674,-0.34556,-0.42481,-0.25658,-1.94101,-0.00575,0.00000,0.00000
-0.48508,-0.47239,-0.35291,-0.43197,-0.26203,-1.94104,-0.00579,0.00000,0.00000
-0.49640,-0.46778,-0.36031,-0.43910,-0.26748,-1.94047,-0.00584,0.00000,0.00000
-0.50771,-0.46291,-0.36775,-0.44620,-0.27292,-1.93929,-0.00588,0.00000,0.00000
-0.51902,-0.45778,-0.37524,-0.45327,-0.27836,-1.93751,-0.00591,0.00000,0.00000
-0.53033,-0.45240,-0.38278,-0.46031,-0.28379,-1.93511,-0.00594,0.00000,0.00000
-0.54163,-0.44676,-0.39035,-0.46731,-0.28921,-1.93212,-0.00597,0.00000,0.00000
-0.55292,-0.44086,-0.39797,-0.47427,-0.29462,-1.92851,-0.00599,0.00000,0.00000
-0.56421,-0.43472,-0.40559,-0.48117,-0.30002,-1.92429,-0.00601,0.00000,0.00000
-0.57550,-0.42832,-0.41323,-0.48803,-0.30542,-1.91946,-0.00603,0.00000,0.00000
-0.58678,-0.42167,-0.42091,-0.49483,-0.31079,-1.91402,-0.00605,0.00000,0.00000
-0.59805,-0.41477,-0.42862,-0.50157,-0.31615,-1.90797,-0.00605,0.00000,0.00000
-0.60931,-0.40762,-0.43637,-0.50825,-0.32149,-1.90131,-0.00606,0.00000,0.00000
-0.62055,-0.40023,-0.44415,-0.51487,-0.32679,-1.89402,-0.00606,0.00000,0.00000
-0.63178,-0.39259,-0.45194,-0.52142,-0.33207,-1.88613,-0.00605,0.00000,0.00000
-0.64300,-0.38471,-0.45976,-0.52789,-0.33731,-1.87761,-0.00603,0.00000,0.00000
-0.65420,-0.37660,-0.46752,-0.53429,-0.34251,-1.86848,-0.00601,0.00000,0.00000
-0.66538,-0.36825,-0.47527,-0.54061,-0.34767,-1.85872,-0.00599,0.00000,0.00000
-0.67655,-0.35967,-0.48302,-0.54684,-0.35279,-1.84835,-0.00596,0.00000,0.00000
-0.68769,-0.35086,-0.49076,-0.55297,-0.35785,-1.83735,-0.00592,0.00000,0.00000
-0.69881,-0.34182,-0.49849,-0.55901,-0.36287,-1.82573,-0.00587,0.00000,0.00000
-0.70989,-0.33257,-0.50621,-0.56493,-0.36783,-1.81348,-0.00582,0.00000,0.00000
-0.72095,-0.32310,-0.51386,-0.57074,-0.37275,-1.80061,-0.00577,0.00000,0.00000
-0.73198,-0.31342,-0.52150,-0.57643,-0.37763,-1.78711,-0.00571,0.00000,0.00000
-0.74296,-0.30353,-0.52912,-0.58200,-0.38245,-1.77299,-0.00566,0.00000,0.00000
-0.75390,-0.29343,-0.53674,-0.58744,-0.38719,-1.75823,-0.00559,0.00000,0.00000
-0.76479,-0.28314,-0.54432,-0.59274,-0.39187,-1.74285,-0.00552,0.00000,0.00000
-0.77563,-0.27265,-0.55183,-0.59791,-0.39647,-1.72684,-0.00545,0.00000,0.00000
-0.78641,-0.26197,-0.55924,-0.60292,-0.40099,-1.71019,-0.00537,0.00000,0.00000
-0.79713,-0.25111,-0.56657,-0.60778,-0.40542,-1.69292,-0.00528,0.00000,0.00000
-0.80779,-0.24008,-0.57384,-0.61248,-0.40977,-1.67502,-0.00519,0.00000,0.00000
-0.81838,-0.22887,-0.58104,-0.61701,-0.41402,-1.65649,-0.00510,0.00000,0.00000
-0.82890,-0.21751,-0.58816,-0.62136,-0.41817,-1.63733,-0.00500,0.00000,0.00000
-0.83933,-0.20598,-0.59516,-0.62551,-0.42226,-1.61754,-0.00491,0.00000,0.00000
-0.84967,-0.19430,-0.60209,-0.62948,-0.42624,-1.59712,-0.00482,0.00000,0.00000
-0.85992,-0.18248,-0.60895,-0.63324,-0.43012,-1.57608,-0.00472,0.00000,0.00000
-0.87006,-0.17052,-0.61572,-0.63679,-0.43389,-1.55442,-0.00462,0.00000,0.00000
-0.88009,-0.15842,-0.62239,-0.64013,-0.43754,-1.53214,-0.00453,0.00000,0.00000
-0.89000,-0.14621,-0.62893,-0.64324,-0.44108,-1.50924,-0.00443,0.00000,0.00000
-0.89979,-0.13388,-0.63530,-0.64612,-0.44448,-1.48572,-0.00432,0.00000,0.00000
-0.90946,-0.12144,-0.64153,-0.64876,-0.44776,-1.46159,-0.00422,0.00000,0.00000
-0.91898,-0.10890,-0.64762,-0.65115,-0.45090,-1.43686,-0.00412,0.00000,0.00000
-0.92836,-0.09627,-0.65356,-0.65328,-0.45391,-1.41152,-0.00402,0.00000,0.00000
-0.93758,-0.08356,-0.65936,-0.65514,-0.45677,-1.38559,-0.00392,0.00000,0.00000
-0.94664,-0.07077,-0.66501,-0.65672,-0.45950,-1.35907,-0.00382,0.00000,0.00000
-0.95553,-0.05791,-0.67049,-0.65802,-0.46209,-1.33196,-0.00372,0.00000,0.00000
-0.96424,-0.04499,-0.67581,-0.65903,-0.46453,-1.30427,-0.00363,0.00000,0.00000
-0.97276,-0.03202,-0.68097,-0.65975,-0.46683,-1.27602,-0.00354,0.00000,0.00000
-0.98108,-0.01901,-0.68596,-0.66015,-0.46897,-1.24720,-0.00346,0.00000,0.00000
-0.98919,-0.00596,-0.69078,-0.66024,-0.47096,-1.21784,-0.00337,0.00000,0.00000
-0.99709,0.00711,-0.69541,-0.66000,-0.47278,-1.18793,-0.00329,0.00000,0.00000
-1.00476,0.02021,-0.69985,-0.65944,-0.47443,-1.15749,-0.00321,0.00000,0.00000
-1.01219,0.03331,-0.70409,-0.65854,-0.47592,-1.12653,-0.00314,0.00000,0.00000
-1.01938,0.04641,-0.70813,-0.65730,-0.47724,-1.09506,-0.00307,0.00000,0.00000
-1.02632,0.05951,-0.71195,-0.65571,-0.47838,-1.06309,-0.00300,0.00000,0.00000
-1.03300,0.07260,-0.71555,-0.65377,-0.47936,-1.03065,-0.00293,0.00000,0.00000
-1.03941,0.08566,-0.71894,-0.65146,-0.48015,-0.99773,-0.00287,0.00000,0.00000
-1.04555,0.09869,-0.72209,-0.64879,-0.48077,-0.96437,-0.00282,0.00000,0.00000
-1.05140,0.11168,-0.72500,-0.64575,-0.48122,-0.93057,-0.00276,0.00000,0.00000
-1.05696,0.12462,-0.72768,-0.64234,-0.48148,-0.89634,-0.00271,0.00000,0.00000
-1.06222,0.13751,-0.73011,-0.63856,-0.48157,-0.86172,-0.00266,0.00000,0.00000
-1.06718,0.15034,-0.73231,-0.63440,-0.48147,-0.82671,-0.00262,0.00000,0.00000
-1.07182,0.16310,-0.73427,-0.62986,-0.48120,-0.79133,-0.00258,0.00000,0.00000
-1.07614,0.17579,-0.73598,-0.62494,-0.48075,-0.75561,-0.00254,0.00000,0.00000
-1.08013,0.18839,-0.73745,-0.61964,-0.48013,-0.71957,-0.00251,0.00000,0.00000
-1.08379,0.20090,-0.73866,-0.61395,-0.47932,-0.68322,-0.00248,0.00000,0.00000
-1.08712,0.21332,-0.73962,-0.60789,-0.47834,-0.64658,-0.00245,0.00000,0.00000
-1.09010,0.22564,-0.74033,-0.60146,-0.47718,-0.60969,-0.00243,0.00000,0.00000
-1.09274,0.23784,-0.74078,-0.59465,-0.47585,-0.57255,-0.00241,0.00000,0.00000
-1.09502,0.24993,-0.74095,-0.58747,-0.47435,-0.53520,-0.00239,0.00000,0.00000
-1.09695,0.26190,-0.74086,-0.57992,-0.47268,-0.49767,-0.00237,0.00000,0.00000
-1.09853,0.27374,-0.74051,-0.57201,-0.47083,-0.45996,-0.00236,0.00000,0.00000
-1.09975,0.28546,-0.73989,-0.56375,-0.46882,-0.42211,-0.00235,0.00000,0.00000
-1.10060,0.29703,-0.73901,-0.55515,-0.46665,-0.38415,-0.00234,0.00000,0.00000
-1.10110,0.30846,-0.73787,-0.54620,-0.46432,-0.34609,-0.00233,0.00000,0.00000
-1.10123,0.31975,-0.73646,-0.53693,-0.46183,-0.30797,-0.00233,0.00000,0.00000
-1.10160,0.33082,-0.73235,-0.52788,-0.44750,-0.26973,-0.00017,0.00000,0.00000
-1.10140,0.34171,-0.72922,-0.51805,-0.44472,-0.23154,0.00021,0.00000,0.00000
-1.10072,0.35249,-0.72813,-0.50785,-0.44183,-0.19336,0.00059,0.00000,0.00000
-1.09957,0.36313,-0.72747,-0.49735,-0.43875,-0.15516,0.00089,0.00000,0.00000
-1.09797,0.37363,-0.72668,-0.48656,-0.43548,-0.11703,0.00115,0.00000,0.00000
-1.09581,0.38401,-0.72594,-0.47547,-0.43216,-0.07908,0.00175,0.00000,0.00000
-1.09318,0.39423,-0.72496,-0.46410,-0.42869,-0.04127,0.00244,0.00000,0.00000
-1.09012,0.40429,-0.72371,-0.45251,-0.42493,-0.00355,0.00234,0.00000,0.00000
-1.08702,0.41391,-0.72028,-0.43982,-0.42127,0.03232,0.00213,0.00000,0.00000
-1.08248,0.42305,-0.71680,-0.42665,-0.41680,0.07130,0.00205,0.00000,0.00000
-1.07886,0.43245,-0.71314,-0.41714,-0.41284,0.10257,0.00167,0.00000,0.00000
-1.07519,0.44259,-0.71066,-0.40355,-0.40863,0.14322,0.00107,0.00000,0.00000
-1.07068,0.45163,-0.70637,-0.39107,-0.40730,0.17994,0.00016,0.00000,0.00000
-1.06590,0.46042,-0.70106,-0.37845,-0.40655,0.21637,-0.00073,0.00000,0.00000
-1.06072,0.46904,-0.69553,-0.36571,-0.40519,0.25245,-0.00150,0.00000,0.00000
-1.05517,0.47749,-0.68978,-0.35285,-0.40336,0.28816,-0.00217,0.00000,0.00000
-1.04926,0.48576,-0.68389,-0.33990,-0.40070,0.32347,-0.00267,0.00000,0.00000
-1.04296,0.49389,-0.67800,-0.32686,-0.39580,0.35833,-0.00264,0.00000,0.00000
-1.03642,0.50181,-0.67195,-0.31376,-0.39086,0.39276,-0.00263,0.00000,0.00000
-1.02963,0.50951,-0.66578,-0.30063,-0.38585,0.42676,-0.00261,0.00000,0.00000
-1.02260,0.51701,-0.65946,-0.28747,-0.38079,0.46029,-0.00259,0.00000,0.00000
-1.01533,0.52429,-0.65301,-0.27430,-0.37568,0.49334,-0.00257,0.00000,0.00000
-1.00783,0.53136,-0.64641,-0.26114,-0.37051,0.52589,-0.00256,0.00000,0.00000
-1.00011,0.53821,-0.63967,-0.24800,-0.36529,0.55793,-0.00254,0.00000,0.00000
-0.99217,0.54485,-0.63280,-0.23490,-0.36003,0.58942,-0.00253,0.00000,0.00000
-0.98401,0.55127,-0.62579,-0.22184,-0.35473,0.62037,-0.00251,0.00000,0.00000
-0.97565,0.55748,-0.61868,-0.20886,-0.34924,0.65074,-0.00246,0.00000,0.00000
-0.96708,0.56348,-0.61147,-0.19594,-0.34358,0.68053,-0.00238,0.00000,0.00000
-0.95833,0.56926,-0.60416,-0.18312,-0.33779,0.70971,-0.00228,0.00000,0.00000
-0.94939,0.57482,-0.59675,-0.17040,-0.33193,0.73829,-0.00217,0.00000,0.00000
-0.94028,0.58016,-0.58926,-0.15778,-0.32601,0.76624,-0.00205,0.00000,0.00000
-0.93101,0.58528,-0.58168,-0.14530,-0.32005,0.79357,-0.00193,0.00000,0.00000
-0.92158,0.59018,-0.57403,-0.13294,-0.31410,0.82025,-0.00181,0.00000,0.00000
-0.91200,0.59486,-0.56629,-0.12074,-0.30817,0.84628,-0.00171,0.00000,0.00000
-0.90228,0.59932,-0.55848,-0.10868,-0.30231,0.87166,-0.00162,0.00000,0.00000
-0.89241,0.60355,-0.55060,-0.09679,-0.29655,0.89638,-0.00156,0.00000,0.00000
-0.88242,0.60756,-0.54264,-0.08506,-0.29092,0.92043,-0.00152,0.00000,0.00000
-0.87229,0.61135,-0.53461,-0.07352,-0.28544,0.94381,-0.00153,0.00000,0.00000
-0.86204,0.61492,-0.52651,-0.06216,-0.28014,0.96652,-0.00157,0.00000,0.00000
-0.85166,0.61826,-0.51833,-0.05099,-0.27507,0.98856,-0.00166,0.00000,0.00000
-0.84117,0.62138,-0.51008,-0.04003,-0.27032,1.00993,-0.00182,0.00000,0.00000
-0.83056,0.62427,-0.50176,-0.02926,-0.26591,1.03063,-0.00205,0.00000,0.00000
-0.81982,0.62696,-0.49340,-0.01870,-0.26144,1.05063,-0.00226,0.00000,0.00000
-0.80894,0.62946,-0.48508,-0.00834,-0.25588,1.06987,-0.00224,0.00000,0.00000
-0.79798,0.63175,-0.47675,0.00182,-0.25036,1.08842,-0.00222,0.00000,0.00000
-0.78693,0.63382,-0.46843,0.01176,-0.24485,1.10627,-0.00220,0.00000,0.00000
-0.77581,0.63567,-0.46011,0.02149,-0.23937,1.12344,-0.00218,0.00000,0.00000
-0.76462,0.63731,-0.45180,0.03099,-0.23390,1.13991,-0.00216,0.00000,0.00000
-0.75336,0.63874,-0.44350,0.04028,-0.22846,1.15570,-0.00214,0.00000,0.00000
-0.74204,0.63995,-0.43521,0.04935,-0.22304,1.17080,-0.00212,0.00000,0.00000
-0.73066,0.64095,-0.42693,0.05819,-0.21765,1.18522,-0.00210,0.00000,0.00000
-0.71923,0.64174,-0.41867,0.06682,-0.21229,1.19897,-0.00208,0.00000,0.00000
-0.70775,0.64231,-0.41043,0.07523,-0.20697,1.21205,-0.00206,0.00000,0.00000
-0.69622,0.64268,-0.40221,0.08342,-0.20167,1.22446,-0.00204,0.00000,0.00000
-0.68464,0.64284,-0.39402,0.09139,-0.19642,1.23621,-0.00202,0.00000,0.00000
-0.67303,0.64280,-0.38587,0.09914,-0.19120,1.24730,-0.00200,0.00000,0.00000
-0.66138,0.64255,-0.37775,0.10668,-0.18601,1.25774,-0.00198,0.00000,0.00000
-0.64969,0.64209,-0.36968,0.11400,-0.18087,1.26754,-0.00196,0.00000,0.00000
-0.63798,0.64144,-0.36165,0.12112,-0.17576,1.27671,-0.00194,0.00000,0.00000
-0.62623,0.64058,-0.35367,0.12802,-0.17070,1.28524,-0.00191,0.00000,0.00000
-0.61445,0.63952,-0.34573,0.13472,-0.16567,1.29315,-0.00189,0.00000,0.00000
-0.60265,0.63827,-0.33784,0.14121,-0.16069,1.30045,-0.00187,0.00000,0.00000
-0.59083,0.63683,-0.33000,0.14750,-0.15575,1.30715,-0.00185,0.00000,0.00000
-0.57899,0.63519,-0.32223,0.15359,-0.15086,1.31324,-0.00183,0.00000,0.00000
-0.56712,0.63336,-0.31450,0.15949,-0.14601,1.31874,-0.00181,0.00000,0.00000
-0.55524,0.63134,-0.30684,0.16520,-0.14121,1.32366,-0.00179,0.00000,0.00000
-0.54335,0.62914,-0.29923,0.17071,-0.13645,1.32801,-0.00176,0.00000,0.00000
-0.53144,0.62675,-0.29169,0.17604,-0.13174,1.33179,-0.00174,0.00000,0.00000
-0.51951,0.62418,-0.28420,0.18119,-0.12707,1.33502,-0.00172,0.00000,0.00000
-0.50758,0.62142,-0.27678,0.18616,-0.12245,1.33770,-0.00170,0.00000,0.00000
-0.49563,0.61849,-0.26941,0.19095,-0.11789,1.33984,-0.00168,0.00000,0.00000
-0.48368,0.61539,-0.26211,0.19558,-0.11336,1.34145,-0.00166,0.00000,0.00000
-0.47172,0.61211,-0.25488,0.20003,-0.10889,1.34253,-0.00164,0.00000,0.00000
-0.45975,0.60866,-0.24771,0.20433,-0.10447,1.34311,-0.00162,0.00000,0.00000
-0.44777,0.60504,-0.24062,0.20846,-0.10010,1.34318,-0.00159,0.00000,0.00000
-0.43579,0.60126,-0.23359,0.21243,-0.09577,1.34276,-0.00157,0.00000,0.00000
-0.42381,0.59731,-0.22664,0.21625,-0.09149,1.34185,-0.00155,0.00000,0.00000
-0.41182,0.59320,-0.21975,0.21992,-0.08726,1.34047,-0.00153,0.00000,0.00000
-0.39983,0.58894,-0.21293,0.22345,-0.08308,1.33862,-0.00151,0.00000,0.00000
-0.38783,0.58452,-0.20618,0.22684,-0.07895,1.33631,-0.00149,0.00000,0.00000
-0.37584,0.57995,-0.19949,0.23008,-0.07486,1.33355,-0.00147,0.00000,0.00000
-0.36384,0.57523,-0.19288,0.23319,-0.07082,1.33036,-0.00145,0.00000,0.00000
-0.35184,0.57036,-0.18633,0.23617,-0.06682,1.32673,-0.00143,0.00000,0.00000
-0.33984,0.56535,-0.17986,0.23902,-0.06288,1.32268,-0.00141,0.00000,0.00000
-0.32784,0.56019,-0.17345,0.24175,-0.05897,1.31822,-0.00139,0.00000,0.00000
-0.31584,0.55490,-0.16711,0.24436,-0.05512,1.31336,-0.00137,0.00000,0.00000
-0.30383,0.54958,-0.16268,0.24729,-0.05188,1.30818,-0.00034,0.00000,0.00000
-0.29249,0.54389,-0.15458,0.24924,-0.03210,1.30159,0.00446,0.00000,0.00000
-0.28004,0.53867,-0.15371,0.25220,-0.02864,1.29535,0.00154,0.00000,0.00000
-0.26815,0.53248,-0.14740,0.25408,-0.04080,1.29017,-0.00008,0.00000,0.00000
-0.25602,0.52658,-0.13979,0.25616,-0.03687,1.28340,-0.00000,0.00000,0.00000
-0.24394,0.52055,-0.13282,0.25814,-0.03317,1.27629,0.00003,0.00000,0.00000
-0.23188,0.51441,-0.12644,0.26001,-0.02960,1.26884,0.00006,0.00000,0.00000
-0.21984,0.50815,-0.12042,0.26179,-0.02610,1.26106,0.00008,0.00000,0.00000
-0.20782,0.50178,-0.11462,0.26347,-0.02267,1.25296,0.00010,0.00000,0.00000
-0.19579,0.49530,-0.10896,0.26506,-0.01928,1.24454,0.00012,0.00000,0.00000
-0.18378,0.48872,-0.10339,0.26658,-0.01593,1.23582,0.00014,0.00000,0.00000
-0.17177,0.48203,-0.09789,0.26801,-0.01261,1.22680,0.00016,0.00000,0.00000
-0.15977,0.47525,-0.09245,0.26936,-0.00933,1.21750,0.00018,0.00000,0.00000
-0.14778,0.46837,-0.08705,0.27064,-0.00609,1.20792,0.00020,0.00000,0.00000
-0.13580,0.46140,-0.08170,0.27185,-0.00288,1.19806,0.00023,0.00000,0.00000
-0.12383,0.45434,-0.07640,0.27299,0.00030,1.18795,0.00025,0.00000,0.00000
-0.11187,0.44719,-0.07114,0.27407,0.00345,1.17759,0.00027,0.00000,0.00000
-0.09992,0.43996,-0.06593,0.27509,0.00656,1.16698,0.00029,0.00000,0.00000
-0.08798,0.43265,-0.06077,0.27605,0.00963,1.15614,0.00031,0.00000,0.00000
-0.07606,0.42527,-0.05565,0.27696,0.01267,1.14508,0.00033,0.00000,0.00000
-0.06415,0.41781,-0.05059,0.27781,0.01568,1.13379,0.00035,0.00000,0.00000
-0.05225,0.41028,-0.04557,0.27861,0.01866,1.12230,0.00038,0.00000,0.00000
-0.04037,0.40269,-0.04060,0.27937,0.02161,1.11061,0.00040,0.00000,0.00000
-0.02850,0.39504,-0.03568,0.28008,0.02452,1.09873,0.00042,0.00000,0.00000
-0.01665,0.38732,-0.03080,0.28075,0.02740,1.08667,0.00044,0.00000,0.00000
-0.00482,0.37955,-0.02597,0.28138,0.03026,1.07443,0.00045,0.00000,0.00000
0.00700,0.37173,-0.02119,0.28197,0.03308,1.06203,0.00047,0.00000,0.00000
0.01880,0.36386,-0.01645,0.28253,0.03588,1.04947,0.00049,0.00000,0.00000
0.03057,0.35594,-0.01175,0.28306,0.03865,1.03677,0.00051,0.00000,0.00000
0.04230,0.34797,-0.00725,0.28439,0.04137,1.02258,-0.00080,0.00000,0.00000
0.05401,0.34001,-0.00222,0.28491,0.04416,1.00970,-0.00078,0.00000,0.00000
0.06568,0.33201,0.00267,0.28538,0.04687,0.99668,-0.00077,0.00000,0.00000
0.07733,0.32397,0.00740,0.28582,0.04955,0.98355,-0.00076,0.00000,0.00000
0.08896,0.31591,0.01201,0.28624,0.05218,0.97030,-0.00075,0.00000,0.00000
0.10056,0.30781,0.01654,0.28664,0.05479,0.95696,-0.00074,0.00000,0.00000
0.11214,0.29970,0.02100,0.28702,0.05737,0.94352,-0.00073,0.00000,0.00000
0.12370,0.29156,0.02540,0.28739,0.05993,0.93000,-0.00073,0.00000,0.00000
0.13523,0.28341,0.02975,0.28775,0.06247,0.91641,-0.00072,0.00000,0.00000
0.14674,0.27525,0.03407,0.28810,0.06499,0.90275,-0.00071,0.00000,0.00000
0.15822,0.26707,0.03834,0.28844,0.06749,0.88904,-0.00070,0.00000,0.00000
0.16967,0.25889,0.04279,0.28872,0.07000,0.87538,-0.00049,0.00000,0.00000
0.18109,0.25071,0.04682,0.28901,0.07244,0.86157,-0.00049,0.00000,0.00000
0.19249,0.24253,0.05090,0.28934,0.07488,0.84774,-0.00049,0.00000,0.00000
0.20386,0.23436,0.05501,0.28967,0.07731,0.83390,-0.00048,0.00000,0.00000
0.21519,0.22620,0.05912,0.29000,0.07973,0.82004,-0.00047,0.00000,0.00000
0.22649,0.21804,0.06321,0.29034,0.08213,0.80619,-0.00046,0.00000,0.00000
0.23775,0.20991,0.06729,0.29068,0.08452,0.79234,-0.00046,0.00000,0.00000
0.24897,0.20179,0.07134,0.29103,0.08690,0.77851,-0.00045,0.00000,0.00000
0.26015,0.19370,0.07537,0.29139,0.08926,0.76470,-0.00044,0.00000,0.00000
0.27129,0.18563,0.07937,0.29176,0.09161,0.75092,-0.00044,0.00000,0.00000
0.28239,0.17759,0.08335,0.29214,0.09395,0.73719,-0.00043,0.00000,0.00000
0.29344,0.16958,0.08730,0.29254,0.09628,0.72350,-0.00042,0.00000,0.00000
0.30445,0.16161,0.09122,0.29295,0.09859,0.70988,-0.00042,0.00000,0.00000
0.31541,0.15368,0.09512,0.29338,0.10089,0.69632,-0.00041,0.00000,0.00000
0.32632,0.14578,0.09900,0.29383,0.10318,0.68284,-0.00041,0.00000,0.00000
0.33718,0.13794,0.10286,0.29430,0.10546,0.66944,-0.00040,0.00000,0.00000
0.34799,0.13014,0.10669,0.29479,0.10774,0.65613,-0.00039,0.00000,0.00000
0.35874,0.12240,0.11050,0.29530,0.11000,0.64292,-0.00039,0.00000,0.00000
0.36945,0.11471,0.11428,0.29583,0.11225,0.62982,-0.00039,0.00000,0.00000
0.38009,0.10708,0.11805,0.29639,0.11449,0.61683,-0.00038,0.00000,0.00000
0.39068,0.09951,0.12181,0.29698,0.11673,0.60397,-0.00038,0.00000,0.00000
0.40121,0.09200,0.12555,0.29760,0.11896,0.59124,-0.00037,0.00000,0.00000
0.41168,0.08456,0.12927,0.29824,0.12119,0.57864,-0.00037,0.00000,0.00000
0.42208,0.07719,0.13297,0.29890,0.12340,0.56620,-0.00037,0.00000,0.00000
0.43242,0.06989,0.13666,0.29960,0.12561,0.55390,-0.00036,0.00000,0.00000
0.44270,0.06267,0.14033,0.30033,0.12782,0.54177,-0.00036,0.00000,0.00000
0.45291,0.05553,0.14398,0.30109,0.13002,0.52980,-0.00036,0.00000,0.00000
0.46305,0.04847,0.14762,0.30188,0.13221,0.51801,-0.00035,0.00000,0.00000
0.47312,0.04149,0.15123,0.30270,0.13440,0.50641,-0.00035,0.00000,0.00000
0.48312,0.03460,0.15483,0.30356,0.13658,0.49499,-0.00035,0.00000,0.00000
0.49304,0.02780,0.15841,0.30445,0.13875,0.48376,-0.00035,0.00000,0.00000
0.50290,0.02109,0.16196,0.30537,0.14092,0.47274,-0.00035,0.00000,0.00000
0.51267,0.01447,0.16551,0.30632,0.14308,0.46192,-0.00035,0.00000,0.00000
0.52237,0.00795,0.16903,0.30731,0.14524,0.45132,-0.00035,0.00000,0.00000
0.53199,0.00153,0.17254,0.30834,0.14740,0.44094,-0.00035,0.00000,0.00000
0.54153,-0.00478,0.17603,0.30939,0.14955,0.43079,-0.00035,0.00000,0.00000
0.55099,-0.01100,0.17950,0.31049,0.15169,0.42086,-0.00035,0.00000,0.00000
0.56036,-0.01710,0.18295,0.31161,0.15384,0.41118,-0.00035,0.00000,0.00000
0.56966,-0.02310,0.18638,0.31277,0.15598,0.40174,-0.00035,0.00000,0.00000
0.57886,-0.02899,0.18979,0.31397,0.15811,0.39254,-0.00035,0.00000,0.00000
0.58798,-0.03476,0.19318,0.31520,0.16025,0.38360,-0.00035,0.00000,0.00000
0.59701,-0.04042,0.19655,0.31647,0.16237,0.37492,-0.00035,0.00000,0.00000
0.60595,-0.04597,0.19990,0.31776,0.16450,0.36649,-0.00035,0.00000,0.00000
0.61480,-0.05139,0.20323,0.31909,0.16662,0.35834,-0.00035,0.00000,0.00000
0.62355,-0.05670,0.20654,0.32046,0.16874,0.35045,-0.00035,0.00000,0.00000
0.63222,-0.06188,0.20983,0.32185,0.17085,0.34284,-0.00035,0.00000,0.00000
0.64078,-0.06694,0.21310,0.32328,0.17296,0.33551,-0.00035,0.00000,0.00000
0.64925,-0.07187,0.21634,0.32474,0.17506,0.32846,-0.00035,0.00000,0.00000
0.65763,-0.07668,0.21957,0.32623,0.17716,0.32170,-0.00035,0.00000,0.00000
0.66590,-0.08136,0.22277,0.32774,0.17926,0.31522,-0.00035,0.00000,0.00000
0.67408,-0.08591,0.22596,0.32929,0.18135,0.30904,-0.00036,0.00000,0.00000
0.68215,-0.09033,0.22912,0.33086,0.18343,0.30315,-0.00036,0.00000,0.00000
0.69012,-0.09461,0.23226,0.33246,0.18551,0.29755,-0.00036,0.00000,0.00000
0.69798,-0.09877,0.23538,0.33409,0.18758,0.29226,-0.00036,0.00000,0.00000
0.70574,-0.10279,0.23846,0.33574,0.18964,0.28726,-0.00036,0.00000,0.00000
0.71340,-0.10667,0.24152,0.33742,0.19170,0.28257,-0.00037,0.00000,0.00000
0.72095,-0.11042,0.24455,0.33911,0.19375,0.27818,-0.00037,0.00000,0.00000
0.72839,-0.11404,0.24755,0.34083,0.19579,0.27409,-0.00037,0.00000,0.00000
0.73572,-0.11751,0.25052,0.34257,0.19783,0.27031,-0.00037,0.00000,0.00000
0.74294,-0.12085,0.25346,0.34433,0.19986,0.26684,-0.00037,0.00000,0.00000
0.75005,-0.12405,0.25637,0.34610,0.20188,0.26367,-0.00038,0.00000,0.00000
0.75697,-0.12716,0.25960,0.34806,0.20461,0.26088,-0.00111,0.00000,0.00000
0.76377,-0.13013,0.26383,0.34995,0.20676,0.25835,-0.00107,0.00000,0.00000
0.77044,-0.13294,0.26736,0.35179,0.20880,0.25611,-0.00105,0.00000,0.00000
0.77700,-0.13562,0.27062,0.35353,0.21074,0.25413,-0.00104,0.00000,0.00000
0.78343,-0.13816,0.27368,0.35534,0.21267,0.25250,-0.00103,0.00000,0.00000
0.78975,-0.14055,0.27656,0.35717,0.21458,0.25117,-0.00102,0.00000,0.00000
0.79596,-0.14280,0.27920,0.35895,0.21646,0.25010,-0.00102,0.00000,0.00000
0.80206,-0.14491,0.28188,0.36078,0.21833,0.24937,-0.00102,0.00000,0.00000
0.80805,-0.14688,0.28451,0.36262,0.22019,0.24894,-0.00102,0.00000,0.00000
0.81392,-0.14871,0.28707,0.36445,0.22204,0.24881,-0.00102,0.00000,0.00000
0.81969,-0.15040,0.28958,0.36629,0.22388,0.24897,-0.00102,0.00000,0.00000
0.82534,-0.15195,0.29203,0.36812,0.22571,0.24942,-0.00103,0.00000,0.00000
0.83087,-0.15336,0.29443,0.36995,0.22752,0.25016,-0.00103,0.00000,0.00000
0.83629,-0.15463,0.29679,0.37177,0.22932,0.25119,-0.00104,0.00000,0.00000
0.84159,-0.15577,0.29909,0.37358,0.23110,0.25249,-0.00105,0.00000,0.00000
0.84678,-0.15677,0.30135,0.37538,0.23287,0.25408,-0.00105,0.00000,0.00000
0.85184,-0.15764,0.30357,0.37717,0.23462,0.25593,-0.00106,0.00000,0.00000
0.85679,-0.15837,0.30574,0.37894,0.23636,0.25806,-0.00107,0.00000,0.00000
0.86161,-0.15897,0.30785,0.38070,0.23807,0.26045,-0.00109,0.00000,0.00000
0.86632,-0.15945,0.30992,0.38243,0.23977,0.26311,-0.00110,0.00000,0.00000
0.87090,-0.15979,0.31195,0.38414,0.24144,0.26602,-0.00111,0.00000,0.00000
0.87536,-0.16001,0.31393,0.38583,0.24310,0.26918,-0.00113,0.00000,0.00000
0.87969,-0.16010,0.31586,0.38750,0.24473,0.27258,-0.00114,0.00000,0.00000
0.88390,-0.16007,0.31774,0.38914,0.24634,0.27623,-0.00116,0.00000,0.00000
0.88799,-0.15992,0.31957,0.39074,0.24793,0.28011,-0.00118,0.00000,0.00000
0.89195,-0.15964,0.32134,0.39232,0.24949,0.28422,-0.00119,0.00000,0.00000
0.89578,-0.15925,0.32307,0.39386,0.25102,0.28854,-0.00121,0.00000,0.00000
0.89949,-0.15874,0.32473,0.39536,0.25253,0.29309,-0.00123,0.00000,0.00000
0.90307,-0.15812,0.32634,0.39683,0.25401,0.29784,-0.00125,0.00000,0.00000
0.90653,-0.15739,0.32789,0.39825,0.25546,0.30280,-0.00127,0.00000,0.00000
0.90985,-0.15655,0.32938,0.39963,0.25688,0.30794,-0.00130,0.00000,0.00000
0.91305,-0.15561,0.33082,0.40096,0.25827,0.31328,-0.00132,0.00000,0.00000
0.91612,-0.15456,0.33219,0.40225,0.25963,0.31879,-0.00134,0.00000,0.00000
0.91907,-0.15340,0.33351,0.40349,0.26095,0.32448,-0.00137,0.00000,0.00000
0.92189,-0.15215,0.33476,0.40467,0.26225,0.33034,-0.00139,0.00000,0.00000
0.92458,-0.15080,0.33595,0.40581,0.26351,0.33634,-0.00142,0.00000,0.00000
0.92714,-0.14936,0.33707,0.40689,0.26473,0.34250,-0.00145,0.00000,0.00000
0.92957,-0.14783,0.33813,0.40791,0.26592,0.34880,-0.00147,0.00000,0.00000
0.93188,-0.14621,0.33913,0.40888,0.26707,0.35523,-0.00150,0.00000,0.00000
0.93406,-0.14450,0.34006,0.40978,0.26818,0.36178,-0.00153,0.00000,0.00000
0.93611,-0.14272,0.34093,0.41062,0.26926,0.36845,-0.00156,0.00000,0.00000
0.93804,-0.14085,0.34173,0.41140,0.27030,0.37522,-0.00159,0.00000,0.00000
0.93984,-0.13891,0.34246,0.41211,0.27129,0.38208,-0.00162,0.00000,0.00000
0.94151,-0.13689,0.34313,0.41276,0.27225,0.38904,-0.00165,0.00000,0.00000
0.94306,-0.13481,0.34372,0.41333,0.27317,0.39607,-0.00168,0.00000,0.00000
0.94448,-0.13266,0.34424,0.41383,0.27404,0.40317,-0.00172,0.00000,0.00000
