-0.03911,0.98153,0.05754,-0.73166,0.02422,-0.25046,0.00175
-3.63269,-42.97659,-2.49426,18.09949,0.55296,-0.29413,-0.00217
-20.90326,-40.40552,-8.80949,14.7926,-1.13408,-0.20472,-0.01045
-21.31485,-36.26687,-9.12138,12.91167,-1.456,-0.20403,0.00157
-19.60912,-32.45406,-8.41168,11.44402,-1.37699,-0.21357,-7E-05
-17.6426,-28.99465,-7.59318,10.16955,-1.28742,-0.22441,-0.00125
-15.82227,-25.88228,-6.81863,9.03069,-1.17496,-0.23322,-0.00178
-14.18811,-23.08411,-6.10905,8.00738,-1.0472,-0.23982,-0.0023
-12.72219,-20.56543,-5.46621,7.08682,-0.91943,-0.24473,-0.00292
-11.39416,-18.29359,-4.89217,6.25871,-0.82195,-0.24902,-0.00282
-10.20648,-16.24914,-4.37793,5.51319,-0.7349,-0.25241,-0.00241
-9.1429,-14.40981,-3.91651,4.84225,-0.65689,-0.25518,-0.0011
-8.18961,-12.75629,-3.50134,4.23872,-0.5864,-0.25744,0.00098
-7.33568,-11.27089,-3.12735,3.69591,-0.52251,-0.25888,0.00098
-6.57395,-9.93458,-2.7938,3.20705,-0.46646,-0.25987,0.00099
-5.89207,-8.7322,-2.49496,2.76693,-0.41648,-0.26056,0.001
-5.28079,-7.65029,-2.22684,2.37075,-0.37178,-0.26101,0.00102
-4.73249,-6.67678,-1.98617,2.01415,-0.33176,-0.26129,0.00104
-4.24049,-5.80079,-1.77009,1.69318,-0.29592,-0.26143,0.00106
-3.79889,-5.01255,-1.57604,1.40427,-0.26381,-0.26146,0.00109
-3.40239,-4.30327,-1.40175,1.14424,-0.23503,-0.26142,0.00111
-3.04629,-3.66502,-1.24518,0.91019,-0.20923,-0.26133,0.00114
-2.72637,-3.09068,-1.10449,0.69953,-0.1861,-0.26119,0.00117
-2.43887,-2.57385,-0.97804,0.50994,-0.16534,-0.26103,0.0012
-2.18043,-2.10873,-0.86438,0.33928,-0.14672,-0.26085,0.00122
-1.94802,-1.69017,-0.76217,0.18569,-0.13,-0.26066,0.00125
-1.73896,-1.31348,-0.67025,0.04746,-0.11498,-0.26047,0.00127
-1.55082,-0.97445,-0.58755,-0.07695,-0.10149,-0.26028,0.0013
-1.38145,-0.66932,-0.51313,-0.18892,-0.08936,-0.26009,0.00132
-1.22891,-0.39467,-0.44613,-0.28969,-0.07844,-0.2599,0.00134
-1.09147,-0.14746,-0.38579,-0.38037,-0.06862,-0.25973,0.00136
-0.96756,0.07508,-0.33143,-0.46199,-0.05977,-0.25956,0.00138
-0.85581,0.27542,-0.28244,-0.53543,-0.05179,-0.2594,0.0014
-0.75495,0.45578,-0.23825,-0.60153,-0.04459,-0.25925,0.00142
-0.66388,0.61817,-0.19839,-0.66101,-0.0381,-0.25911,0.00144
-0.58158,0.7644,-0.16241,-0.71453,-0.03222,-0.25897,0.00145
-0.50715,0.89609,-0.1299,-0.76269,-0.02691,-0.25885,0.00147
-0.43979,1.0147,-0.10052,-0.80603,-0.02209,-0.25874,0.00148
-0.37877,1.12154,-0.07394,-0.84503,-0.01773,-0.25863,0.0015
-0.32344,1.21779,-0.04987,-0.88012,-0.01376,-0.25853,0.00151
-0.27323,1.30451,-0.02807,-0.91168,-0.01015,-0.25844,0.00152
-0.2276,1.38267,-0.00829,-0.94009,-0.00687,-0.25836,0.00153
-0.18608,1.45313,0.00968,-0.96565,-0.00387,-0.25828,0.00154
-0.14827,1.51663,0.02601,-0.98864,-0.00113,-0.25821,0.00155
-0.11376,1.57391,0.04087,-1.00933,0.00139,-0.25814,0.00156
-0.08224,1.62558,0.05442,-1.02794,0.00369,-0.25808,0.00157
-0.0534,1.6722,0.06678,-1.04469,0.00581,-0.25802,0.00158
-0.02695,1.71427,0.07809,-1.05975,0.00777,-0.25797,0.00159
-0.00266,1.75227,0.08845,-1.0733,0.00958,-0.25793,0.0016
0.0197,1.7866,0.09795,-1.08549,0.01126,-0.25788,0.0016
0.04031,1.8176,0.10668,-1.09646,0.01282,-0.25784,0.00161
0.05937,1.84566,0.11472,-1.10633,0.01427,-0.25781,0.00161
0.07702,1.87103,0.12215,-1.1152,0.01562,-0.25777,0.00162
0.09341,1.89399,0.12902,-1.12319,0.0169,-0.25774,0.00163
0.10867,1.91479,0.13539,-1.13037,0.01809,-0.25771,0.00163
0.12292,1.93365,0.14132,-1.13684,0.01922,-0.25769,0.00164
0.13625,1.95077,0.14684,-1.14266,0.02029,-0.25766,0.00164
0.14876,1.96631,0.152,-1.14789,0.0213,-0.25764,0.00164
0.16054,1.98043,0.15683,-1.15261,0.02226,-0.25762,0.00165
0.17165,1.99328,0.16138,-1.15685,0.02318,-0.2576,0.00165
0.18216,2.00499,0.16566,-1.16067,0.02405,-0.25758,0.00166
0.19214,2.01566,0.16971,-1.16411,0.0249,-0.25757,0.00166
0.20164,2.02544,0.17354,-1.16721,0.02571,-0.25755,0.00166
0.21071,2.03435,0.17719,-1.17,0.02649,-0.25754,0.00167
0.21938,2.04254,0.18066,-1.17252,0.02725,-0.25752,0.00167
0.22771,2.05005,0.18398,-1.17479,0.02798,-0.25751,0.00167
0.23572,2.05694,0.18717,-1.17684,0.02869,-0.2575,0.00168
0.24344,2.06332,0.19022,-1.1787,0.02939,-0.25749,0.00168
0.25091,2.06919,0.19317,-1.18037,0.03006,-0.25748,0.00168
0.25814,2.07463,0.19601,-1.18188,0.03072,-0.25747,0.00168
0.26517,2.07969,0.19877,-1.18326,0.03137,-0.25746,0.00169
0.27201,2.08437,0.20144,-1.1845,0.03201,-0.25745,0.00169
0.27867,2.08876,0.20404,-1.18563,0.03263,-0.25745,0.00169
0.28519,2.09285,0.20657,-1.18665,0.03324,-0.25744,0.00169
0.29157,2.0967,0.20904,-1.18759,0.03385,-0.25743,0.0017
0.29782,2.10031,0.21146,-1.18844,0.03444,-0.25743,0.0017
0.30395,2.10372,0.21383,-1.18923,0.03503,-0.25742,0.0017
0.30998,2.10695,0.21615,-1.18994,0.03561,-0.25741,0.0017
0.31592,2.11,0.21843,-1.1906,0.03619,-0.25741,0.0017
0.32177,2.11292,0.22068,-1.19121,0.03676,-0.2574,0.00171
0.32755,2.11569,0.22289,-1.19176,0.03732,-0.25739,0.00171
0.33325,2.11835,0.22508,-1.19229,0.03788,-0.25739,0.00171
0.33889,2.12091,0.22724,-1.19277,0.03844,-0.25738,0.00171
0.34447,2.12338,0.22937,-1.19323,0.03899,-0.25738,0.00171
0.34999,2.12575,0.23148,-1.19365,0.03953,-0.25737,0.00172
0.35547,2.12805,0.23356,-1.19405,0.04008,-0.25737,0.00172
0.3609,2.13029,0.23563,-1.19443,0.04062,-0.25736,0.00172
0.36628,2.13246,0.23768,-1.19478,0.04115,-0.25736,0.00172
0.37163,2.13459,0.23972,-1.19513,0.04169,-0.25735,0.00172
0.37693,2.13666,0.24174,-1.19546,0.04222,-0.25735,0.00172
0.38221,2.13868,0.24374,-1.19577,0.04275,-0.25734,0.00173
0.38745,2.14068,0.24574,-1.19608,0.04327,-0.25734,0.00173
0.39266,2.14264,0.24772,-1.19637,0.0438,-0.25733,0.00173
0.39784,2.14458,0.24969,-1.19666,0.04432,-0.25733,0.00173
0.403,2.14648,0.25165,-1.19695,0.04484,-0.25732,0.00173
0.40813,2.14835,0.2536,-1.19722,0.04535,-0.25731,0.00173
0.41324,2.15021,0.25554,-1.19749,0.04587,-0.25731,0.00174
0.41832,2.15206,0.25747,-1.19776,0.04638,-0.2573,0.00174
0.42338,2.15389,0.2594,-1.19803,0.04689,-0.2573,0.00174
0.42843,2.1557,0.26131,-1.19829,0.0474,-0.25729,0.00174
0.43345,2.1575,0.26322,-1.19855,0.04791,-0.25729,0.00174
0.43845,2.15929,0.26513,-1.19882,0.04842,-0.25728,0.00174
0.44343,2.16108,0.26702,-1.19908,0.04892,-0.25727,0.00174
0.4484,2.16284,0.26891,-1.19934,0.04942,-0.25727,0.00175
0.45334,2.16461,0.27079,-1.1996,0.04992,-0.25726,0.00175
0.45827,2.16637,0.27267,-1.19986,0.05042,-0.25725,0.00175
0.46318,2.16811,0.27454,-1.20012,0.05092,-0.25725,0.00175
0.46808,2.16987,0.2764,-1.20039,0.05142,-0.25724,0.00175
0.47296,2.17161,0.27826,-1.20065,0.05191,-0.25723,0.00175
0.47782,2.17335,0.28012,-1.20092,0.05241,-0.25723,0.00175
0.48267,2.17508,0.28197,-1.20119,0.0529,-0.25722,0.00176
0.4875,2.17682,0.28381,-1.20146,0.05339,-0.25721,0.00176
0.49232,2.17854,0.28565,-1.20173,0.05388,-0.2572,0.00176
0.49712,2.18027,0.28748,-1.202,0.05437,-0.2572,0.00176
0.50191,2.18201,0.28931,-1.20228,0.05485,-0.25719,0.00176
0.50668,2.18372,0.29113,-1.20255,0.05534,-0.25718,0.00176
0.51144,2.18545,0.29295,-1.20283,0.05582,-0.25717,0.00176
0.51618,2.18716,0.29476,-1.20311,0.05631,-0.25717,0.00177
0.52091,2.18889,0.29657,-1.20339,0.05679,-0.25716,0.00177
0.52562,2.1906,0.29837,-1.20367,0.05727,-0.25715,0.00177
0.53032,2.19231,0.30017,-1.20396,0.05775,-0.25714,0.00177
0.535,2.19403,0.30197,-1.20425,0.05822,-0.25713,0.00177
0.53967,2.19574,0.30376,-1.20453,0.0587,-0.25712,0.00177
0.54433,2.19745,0.30554,-1.20482,0.05917,-0.25711,0.00177
0.54897,2.19916,0.30732,-1.20511,0.05965,-0.2571,0.00177
0.55359,2.20086,0.3091,-1.2054,0.06012,-0.25709,0.00178
0.55821,2.20255,0.31087,-1.20569,0.06059,-0.25708,0.00178
0.5628,2.20426,0.31263,-1.20599,0.06106,-0.25707,0.00178
0.56739,2.20595,0.3144,-1.20628,0.06153,-0.25706,0.00178
0.57196,2.20765,0.31615,-1.20658,0.062,-0.25705,0.00178
0.57651,2.20934,0.31791,-1.20688,0.06246,-0.25704,0.00178
0.58105,2.21102,0.31966,-1.20717,0.06293,-0.25703,0.00178
0.58558,2.21271,0.3214,-1.20747,0.06339,-0.25702,0.00178
0.59009,2.21439,0.32314,-1.20777,0.06385,-0.25701,0.00179
0.59459,2.21606,0.32487,-1.20806,0.06431,-0.257,0.00179
0.59908,2.21772,0.32661,-1.20836,0.06477,-0.25698,0.00179
0.60355,2.21939,0.32833,-1.20866,0.06523,-0.25697,0.00179
0.60801,2.22105,0.33005,-1.20895,0.06569,-0.25696,0.00179
0.61245,2.22271,0.33177,-1.20925,0.06615,-0.25695,0.00179
0.61688,2.22435,0.33349,-1.20954,0.0666,-0.25693,0.00179
0.62129,2.226,0.33519,-1.20984,0.06706,-0.25692,0.00179
0.62569,2.22763,0.3369,-1.21013,0.06751,-0.25691,0.0018
0.63008,2.22927,0.3386,-1.21043,0.06796,-0.2569,0.0018
0.63445,2.23089,0.3403,-1.21072,0.06841,-0.25688,0.0018
0.63881,2.23252,0.34199,-1.21101,0.06886,-0.25687,0.0018
0.64316,2.23412,0.34367,-1.2113,0.06931,-0.25685,0.0018
0.64749,2.23573,0.34536,-1.21158,0.06976,-0.25684,0.0018
0.6518,2.23732,0.34704,-1.21187,0.07021,-0.25682,0.0018
0.65611,2.23891,0.34871,-1.21215,0.07065,-0.25681,0.0018
0.6604,2.24049,0.35038,-1.21243,0.0711,-0.25679,0.0018
0.66467,2.24206,0.35205,-1.21271,0.07154,-0.25678,0.00181
0.66893,2.24361,0.35371,-1.21298,0.07199,-0.25676,0.00181
0.67318,2.24517,0.35537,-1.21326,0.07243,-0.25675,0.00181
0.67742,2.24671,0.35702,-1.21353,0.07287,-0.25673,0.00181
0.68164,2.24824,0.35867,-1.21379,0.07331,-0.25671,0.00181
0.68584,2.24976,0.36032,-1.21406,0.07375,-0.2567,0.00181
0.69004,2.25127,0.36196,-1.21432,0.07419,-0.25668,0.00181
0.69422,2.25278,0.3636,-1.21458,0.07462,-0.25666,0.00181
0.69838,2.25426,0.36523,-1.21483,0.07506,-0.25665,0.00181
0.70254,2.25574,0.36686,-1.21508,0.07549,-0.25663,0.00181
0.70668,2.2572,0.36849,-1.21532,0.07593,-0.25661,0.00182
0.7108,2.25866,0.37011,-1.21556,0.07636,-0.25659,0.00182
0.71491,2.26009,0.37172,-1.2158,0.07679,-0.25657,0.00182
0.71901,2.26151,0.37334,-1.21603,0.07723,-0.25655,0.00182
0.7231,2.26293,0.37495,-1.21625,0.07766,-0.25654,0.00182
0.72717,2.26433,0.37655,-1.21647,0.07809,-0.25652,0.00182
0.73123,2.26571,0.37815,-1.21669,0.07852,-0.2565,0.00182
0.73527,2.26708,0.37975,-1.2169,0.07895,-0.25648,0.00182
0.7393,2.26843,0.38135,-1.2171,0.07937,-0.25646,0.00182
0.74332,2.26978,0.38294,-1.2173,0.0798,-0.25644,0.00182
0.74733,2.27109,0.38452,-1.21749,0.08023,-0.25641,0.00183
0.75132,2.2724,0.38611,-1.21768,0.08065,-0.25639,0.00183
0.7553,2.27369,0.38768,-1.21786,0.08108,-0.25637,0.00183
0.75927,2.27497,0.38926,-1.21803,0.0815,-0.25635,0.00183
0.76322,2.27622,0.39083,-1.2182,0.08193,-0.25633,0.00183
0.76716,2.27746,0.3924,-1.21836,0.08235,-0.25631,0.00183
0.77109,2.27868,0.39396,-1.21851,0.08277,-0.25628,0.00183
0.775,2.27988,0.39552,-1.21866,0.08319,-0.25626,0.00183
0.7789,2.28107,0.39708,-1.2188,0.08361,-0.25624,0.00183
0.78279,2.28223,0.39863,-1.21892,0.08404,-0.25622,0.00183
0.78666,2.28338,0.40018,-1.21905,0.08446,-0.25619,0.00183
0.79053,2.2845,0.40173,-1.21916,0.08487,-0.25617,0.00183
0.79438,2.28561,0.40327,-1.21927,0.08529,-0.25614,0.00184
0.79821,2.28669,0.40481,-1.21936,0.08571,-0.25612,0.00184
0.80204,2.28775,0.40634,-1.21945,0.08613,-0.25609,0.00184
0.80585,2.2888,0.40788,-1.21953,0.08655,-0.25607,0.00184
0.80965,2.28982,0.4094,-1.2196,0.08696,-0.25604,0.00184
0.81344,2.29081,0.41093,-1.21966,0.08738,-0.25602,0.00184
0.81721,2.29178,0.41245,-1.2197,0.0878,-0.25599,0.00184
0.82097,2.29275,0.41397,-1.21975,0.08821,-0.25597,0.00184
0.82472,2.29366,0.41548,-1.21978,0.08863,-0.25594,0.00184
0.82846,2.29457,0.417,-1.21979,0.08904,-0.25591,0.00184
0.83218,2.29545,0.4185,-1.21981,0.08945,-0.25589,0.00184
0.83589,2.2963,0.42001,-1.2198,0.08987,-0.25586,0.00184
0.83959,2.29713,0.42151,-1.21979,0.09028,-0.25583,0.00184
0.84328,2.29794,0.42301,-1.21977,0.09069,-0.2558,0.00185
0.84695,2.29871,0.4245,-1.21973,0.09111,-0.25577,0.00185
0.85061,2.29947,0.426,-1.21969,0.09152,-0.25575,0.00185
0.85426,2.3002,0.42748,-1.21964,0.09193,-0.25572,0.00185
0.8579,2.30089,0.42897,-1.21956,0.09234,-0.25569,0.00185
0.86152,2.30156,0.43045,-1.21948,0.09275,-0.25566,0.00185
0.86514,2.3022,0.43193,-1.21939,0.09316,-0.25563,0.00185
0.86874,2.30281,0.43341,-1.21928,0.09357,-0.2556,0.00185
0.87232,2.3034,0.43488,-1.21916,0.09398,-0.25557,0.00185
0.8759,2.30395,0.43635,-1.21903,0.09439,-0.25554,0.00185
0.87946,2.30447,0.43781,-1.21888,0.0948,-0.25551,0.00185
0.88301,2.30497,0.43928,-1.21873,0.09521,-0.25548,0.00185
0.88655,2.30543,0.44074,-1.21855,0.09562,-0.25545,0.00185
0.89008,2.30586,0.4422,-1.21837,0.09603,-0.25542,0.00185
0.89359,2.30626,0.44365,-1.21817,0.09644,-0.25538,0.00185
0.8971,2.30663,0.4451,-1.21795,0.09685,-0.25535,0.00185
0.90059,2.30697,0.44655,-1.21772,0.09726,-0.25532,0.00185
0.90407,2.30727,0.44799,-1.21748,0.09767,-0.25529,0.00186
0.90753,2.30753,0.44943,-1.21722,0.09808,-0.25525,0.00186
0.91098,2.30777,0.45087,-1.21695,0.09849,-0.25522,0.00186
0.91443,2.30797,0.45231,-1.21666,0.09889,-0.25519,0.00186
0.91785,2.30813,0.45374,-1.21635,0.0993,-0.25515,0.00186
0.92127,2.30827,0.45517,-1.21603,0.09971,-0.25512,0.00186
0.92468,2.30836,0.4566,-1.21569,0.10012,-0.25509,0.00186
0.92807,2.30842,0.45802,-1.21534,0.10053,-0.25505,0.00186
0.93145,2.30844,0.45944,-1.21497,0.10093,-0.25502,0.00186
0.93481,2.30842,0.46086,-1.21458,0.10134,-0.25498,0.00186
0.93817,2.30836,0.46227,-1.21417,0.10175,-0.25495,0.00186
0.94151,2.30827,0.46368,-1.21375,0.10216,-0.25492,0.00186
0.94484,2.30814,0.46509,-1.21331,0.10257,-0.25488,0.00186
0.94816,2.30797,0.4665,-1.21286,0.10297,-0.25484,0.00186
0.95146,2.30776,0.4679,-1.21238,0.10338,-0.25481,0.00186
0.95475,2.30751,0.4693,-1.21189,0.10379,-0.25477,0.00186
0.95803,2.30721,0.47069,-1.21137,0.1042,-0.25474,0.00186
0.9613,2.30688,0.47209,-1.21085,0.1046,-0.2547,0.00186
0.96455,2.30651,0.47348,-1.2103,0.10501,-0.25467,0.00186
0.96779,2.30609,0.47486,-1.20973,0.10542,-0.25463,0.00186
0.97102,2.30563,0.47625,-1.20914,0.10583,-0.25459,0.00186
0.97424,2.30513,0.47763,-1.20853,0.10624,-0.25456,0.00186
0.97744,2.30458,0.479,-1.20791,0.10664,-0.25452,0.00186
0.98063,2.30399,0.48038,-1.20726,0.10705,-0.25448,0.00186
0.9838,2.30336,0.48175,-1.20659,0.10746,-0.25444,0.00186
0.98697,2.30267,0.48311,-1.2059,0.10787,-0.25441,0.00187
0.99011,2.30195,0.48448,-1.20519,0.10828,-0.25437,0.00187
0.99325,2.30117,0.48584,-1.20446,0.10868,-0.25433,0.00187
0.99637,2.30035,0.48719,-1.20371,0.10909,-0.2543,0.00187
0.99948,2.29949,0.48855,-1.20294,0.1095,-0.25426,0.00187
1.00257,2.29857,0.4899,-1.20214,0.10991,-0.25422,0.00187
1.00565,2.29761,0.49124,-1.20133,0.11032,-0.25418,0.00187
1.00872,2.2966,0.49259,-1.20049,0.11073,-0.25414,0.00187
1.01177,2.29554,0.49393,-1.19963,0.11114,-0.25411,0.00187
1.01481,2.29442,0.49526,-1.19874,0.11154,-0.25407,0.00187
1.01783,2.29327,0.49659,-1.19784,0.11195,-0.25403,0.00187
1.02084,2.29205,0.49792,-1.19691,0.11236,-0.25399,0.00187
1.02384,2.29079,0.49925,-1.19595,0.11277,-0.25395,0.00187
1.02682,2.28947,0.50057,-1.19498,0.11318,-0.25391,0.00187
1.02978,2.28811,0.50188,-1.19397,0.11359,-0.25388,0.00187
1.03273,2.28668,0.5032,-1.19295,0.114,-0.25384,0.00187
1.03567,2.28521,0.50451,-1.1919,0.11441,-0.2538,0.00187
1.03859,2.28368,0.50581,-1.19082,0.11482,-0.25376,0.00187
1.04149,2.28209,0.50711,-1.18972,0.11523,-0.25372,0.00187
1.04438,2.28046,0.50841,-1.1886,0.11564,-0.25368,0.00187
1.04725,2.27876,0.5097,-1.18745,0.11605,-0.25365,0.00187
1.05011,2.27701,0.51099,-1.18627,0.11646,-0.25361,0.00187
1.05294,2.2752,0.51227,-1.18507,0.11686,-0.25357,0.00187
1.05577,2.27334,0.51355,-1.18385,0.11727,-0.25353,0.00187
1.05857,2.27142,0.51482,-1.18259,0.11768,-0.25349,0.00187
1.06136,2.26943,0.51609,-1.18131,0.11809,-0.25346,0.00187
1.06414,2.26739,0.51736,-1.18,0.1185,-0.25342,0.00187
1.06689,2.26529,0.51862,-1.17867,0.11891,-0.25338,0.00187
1.06963,2.26314,0.51988,-1.17731,0.11932,-0.25334,0.00187
1.07235,2.26091,0.52113,-1.17592,0.11973,-0.25331,0.00187
1.07505,2.25863,0.52237,-1.1745,0.12014,-0.25327,0.00187
1.07774,2.25629,0.52361,-1.17306,0.12055,-0.25323,0.00187
1.0804,2.25389,0.52485,-1.17159,0.12096,-0.2532,0.00187
1.08305,2.25141,0.52607,-1.17008,0.12137,-0.25316,0.00187
1.08567,2.24888,0.5273,-1.16855,0.12178,-0.25312,0.00187
1.08828,2.24629,0.52852,-1.167,0.12218,-0.25309,0.00187
1.09087,2.24363,0.52973,-1.16541,0.12259,-0.25305,0.00187
1.09344,2.2409,0.53094,-1.16379,0.123,-0.25301,0.00187
1.09599,2.23811,0.53214,-1.16214,0.12341,-0.25298,0.00187
1.09852,2.23526,0.53333,-1.16047,0.12382,-0.25294,0.00187
1.10103,2.23233,0.53452,-1.15876,0.12422,-0.25291,0.00187
1.10351,2.22934,0.5357,-1.15702,0.12463,-0.25287,0.00187
1.10598,2.22629,0.53688,-1.15525,0.12504,-0.25284,0.00187
1.10842,2.22316,0.53805,-1.15345,0.12545,-0.2528,0.00187
1.11085,2.21997,0.53921,-1.15163,0.12585,-0.25277,0.00187
1.11325,2.21671,0.54036,-1.14977,0.12626,-0.25274,0.00187
1.11563,2.21337,0.54151,-1.14787,0.12666,-0.2527,0.00187
1.11798,2.20997,0.54265,-1.14595,0.12707,-0.25267,0.00187
1.12031,2.2065,0.54379,-1.144,0.12747,-0.25264,0.00187
1.12262,2.20296,0.54491,-1.14201,0.12788,-0.25261,0.00187
1.1249,2.19934,0.54603,-1.13999,0.12828,-0.25257,0.00187
1.12716,2.19565,0.54714,-1.13794,0.12868,-0.25254,0.00187
1.1294,2.19189,0.54824,-1.13585,0.12909,-0.25251,0.00187
1.13161,2.18806,0.54934,-1.13373,0.12949,-0.25248,0.00187
1.13379,2.18415,0.55042,-1.13158,0.12989,-0.25245,0.00187
1.13595,2.18017,0.5515,-1.1294,0.13029,-0.25242,0.00187
1.13808,2.17611,0.55257,-1.12718,0.13069,-0.25239,0.00187
1.14019,2.17198,0.55363,-1.12493,0.13109,-0.25237,0.00187
1.14226,2.16777,0.55468,-1.12265,0.13148,-0.25234,0.00186
1.14431,2.16349,0.55572,-1.12033,0.13188,-0.25231,0.00186
1.14634,2.15913,0.55675,-1.11798,0.13228,-0.25229,0.00186
1.14833,2.1547,0.55777,-1.11559,0.13267,-0.25226,0.00186
1.1503,2.15018,0.55878,-1.11317,0.13307,-0.25223,0.00186
1.15223,2.14559,0.55978,-1.11071,0.13346,-0.25221,0.00186
1.15414,2.14092,0.56078,-1.10822,0.13385,-0.25219,0.00186
1.15601,2.13617,0.56176,-1.10569,0.13424,-0.25216,0.00186
1.15785,2.13135,0.56273,-1.10313,0.13463,-0.25214,0.00186
1.15967,2.12644,0.56369,-1.10054,0.13502,-0.25212,0.00186
1.16145,2.12145,0.56463,-1.09791,0.13541,-0.2521,0.00186
1.1632,2.11638,0.56557,-1.09524,0.13579,-0.25208,0.00186
1.16491,2.11124,0.56649,-1.09254,0.13617,-0.25206,0.00186
1.16659,2.10601,0.5674,-1.0898,0.13656,-0.25204,0.00186
1.16824,2.1007,0.5683,-1.08702,0.13694,-0.25202,0.00186
1.16985,2.09531,0.56919,-1.08421,0.13732,-0.252,0.00186
1.17143,2.08983,0.57007,-1.08136,0.13769,-0.25199,0.00186
1.17298,2.08428,0.57093,-1.07848,0.13807,-0.25197,0.00186
1.17448,2.07864,0.57177,-1.07556,0.13844,-0.25196,0.00186
1.17595,2.07292,0.57261,-1.07261,0.13882,-0.25194,0.00186
1.17738,2.06711,0.57343,-1.06961,0.13919,-0.25193,0.00186
1.17878,2.06122,0.57424,-1.06658,0.13955,-0.25192,0.00186
1.18013,2.05525,0.57503,-1.06352,0.13992,-0.25191,0.00185
1.18145,2.04919,0.5758,-1.06041,0.14028,-0.2519,0.00185
1.18272,2.04305,0.57657,-1.05727,0.14064,-0.25189,0.00185
1.18396,2.03682,0.57731,-1.05409,0.141,-0.25188,0.00185
1.18515,2.03051,0.57804,-1.05088,0.14136,-0.25188,0.00185
1.18631,2.02412,0.57876,-1.04763,0.14171,-0.25187,0.00185
1.18742,2.01763,0.57945,-1.04434,0.14206,-0.25186,0.00185
1.18849,2.01107,0.58014,-1.04102,0.14241,-0.25186,0.00185
1.18951,2.00441,0.5808,-1.03765,0.14276,-0.25186,0.00185
1.19049,1.99768,0.58145,-1.03426,0.1431,-0.25186,0.00185
1.19142,1.99085,0.58208,-1.03082,0.14344,-0.25186,0.00185
1.19231,1.98394,0.58269,-1.02734,0.14378,-0.25186,0.00185
1.19315,1.97695,0.58328,-1.02383,0.14411,-0.25186,0.00185
1.19395,1.96986,0.58386,-1.02028,0.14444,-0.25186,0.00185
1.19469,1.96269,0.58441,-1.0167,0.14477,-0.25187,0.00185
1.19539,1.95544,0.58495,-1.01308,0.14509,-0.25188,0.00184
1.19604,1.9481,0.58547,-1.00942,0.14541,-0.25188,0.00184
1.19664,1.94067,0.58596,-1.00572,0.14573,-0.25189,0.00184
1.19719,1.93316,0.58644,-1.00199,0.14604,-0.2519,0.00184
1.19768,1.92556,0.58689,-0.99822,0.14635,-0.25191,0.00184
1.19813,1.91787,0.58733,-0.99441,0.14666,-0.25192,0.00184
1.19852,1.9101,0.58774,-0.99057,0.14696,-0.25194,0.00184
1.19886,1.90225,0.58813,-0.98669,0.14725,-0.25195,0.00184
1.19914,1.8943,0.5885,-0.98277,0.14755,-0.25197,0.00184
1.19937,1.88628,0.58884,-0.97882,0.14784,-0.25199,0.00184
1.19954,1.87816,0.58916,-0.97483,0.14812,-0.25201,0.00184
1.19965,1.86996,0.58946,-0.97081,0.1484,-0.25203,0.00183
1.19971,1.86168,0.58973,-0.96675,0.14867,-0.25205,0.00183
1.19971,1.85331,0.58998,-0.96266,0.14894,-0.25208,0.00183
1.19964,1.84486,0.59021,-0.95852,0.14921,-0.2521,0.00183
1.19952,1.83632,0.59041,-0.95436,0.14947,-0.25213,0.00183
1.19934,1.8277,0.59058,-0.95016,0.14972,-0.25216,0.00183
1.1991,1.819,0.59073,-0.94592,0.14997,-0.25219,0.00183
1.19879,1.81021,0.59085,-0.94165,0.15021,-0.25222,0.00183
1.19842,1.80134,0.59095,-0.93735,0.15045,-0.25225,0.00183
1.19798,1.79239,0.59101,-0.93301,0.15068,-0.25229,0.00183
1.19749,1.78336,0.59105,-0.92864,0.15091,-0.25232,0.00182
1.19692,1.77425,0.59106,-0.92423,0.15113,-0.25236,0.00182
1.19629,1.76506,0.59105,-0.9198,0.15134,-0.2524,0.00182
1.19559,1.75578,0.591,-0.91533,0.15155,-0.25244,0.00182
1.19482,1.74643,0.59092,-0.91082,0.15175,-0.25248,0.00182
1.19398,1.737,0.59082,-0.90629,0.15195,-0.25253,0.00182
1.19307,1.72749,0.59068,-0.90172,0.15213,-0.25257,0.00182
1.1921,1.7179,0.59051,-0.89712,0.15231,-0.25262,0.00182
1.19104,1.70823,0.59031,-0.8925,0.15249,-0.25267,0.00181
1.18992,1.6985,0.59008,-0.88784,0.15266,-0.25272,0.00181
1.18872,1.68868,0.58982,-0.88315,0.15282,-0.25277,0.00181
1.18745,1.67879,0.58952,-0.87843,0.15297,-0.25283,0.00181
1.18611,1.66883,0.58919,-0.87368,0.15311,-0.25288,0.00181
1.18468,1.6588,0.58883,-0.86891,0.15325,-0.25294,0.00181
1.18318,1.64869,0.58843,-0.8641,0.15338,-0.253,0.00181
1.1816,1.63851,0.588,-0.85927,0.1535,-0.25306,0.00181
1.17995,1.62827,0.58754,-0.85441,0.15361,-0.25313,0.0018
1.17821,1.61795,0.58703,-0.84953,0.15372,-0.25319,0.0018
1.17639,1.60757,0.58649,-0.84462,0.15381,-0.25326,0.0018
1.1745,1.59712,0.58592,-0.83968,0.1539,-0.25333,0.0018
1.17251,1.58661,0.58531,-0.83472,0.15398,-0.2534,0.0018
1.17045,1.57603,0.58466,-0.82974,0.15405,-0.25347,0.0018
1.1683,1.5654,0.58397,-0.82473,0.15411,-0.25354,0.0018
1.16607,1.55469,0.58324,-0.8197,0.15416,-0.25362,0.00179
1.16375,1.54393,0.58248,-0.81464,0.15421,-0.25369,0.00179
1.16135,1.53311,0.58167,-0.80957,0.15424,-0.25377,0.00179
1.15885,1.52224,0.58083,-0.80447,0.15426,-0.25385,0.00179
1.15627,1.51131,0.57994,-0.79936,0.15427,-0.25393,0.00179
1.1536,1.50032,0.57902,-0.79422,0.15428,-0.25402,0.00179
1.15084,1.48928,0.57805,-0.78907,0.15427,-0.2541,0.00179
1.14799,1.47819,0.57704,-0.7839,0.15425,-0.25419,0.00178
1.14505,1.46705,0.57599,-0.77871,0.15422,-0.25428,0.00178
1.14202,1.45586,0.5749,-0.7735,0.15418,-0.25437,0.00178
1.13889,1.44462,0.57376,-0.76828,0.15413,-0.25446,0.00178
1.13567,1.43334,0.57258,-0.76305,0.15407,-0.25456,0.00178
1.13235,1.42202,0.57136,-0.7578,0.154,-0.25465,0.00178
1.12894,1.41065,0.57009,-0.75254,0.15391,-0.25475,0.00177
1.12543,1.39925,0.56877,-0.74727,0.15382,-0.25485,0.00177
1.12182,1.3878,0.56741,-0.74199,0.15371,-0.25495,0.00177
1.11812,1.37633,0.56601,-0.73669,0.15359,-0.25505,0.00177
1.11432,1.36481,0.56456,-0.73139,0.15346,-0.25515,0.00177
1.11041,1.35327,0.56306,-0.72608,0.15332,-0.25526,0.00177
1.10641,1.3417,0.56151,-0.72076,0.15316,-0.25536,0.00176
1.10231,1.3301,0.55992,-0.71544,0.15299,-0.25547,0.00176
1.0981,1.31847,0.55828,-0.71011,0.15281,-0.25558,0.00176
1.09379,1.30682,0.55659,-0.70478,0.15262,-0.25569,0.00176
1.08938,1.29515,0.55485,-0.69944,0.15241,-0.2558,0.00176
1.08487,1.28346,0.55306,-0.69411,0.15219,-0.25592,0.00176
1.08025,1.27175,0.55122,-0.68877,0.15195,-0.25603,0.00175
1.07553,1.26003,0.54933,-0.68343,0.15171,-0.25615,0.00175
1.0707,1.24829,0.54739,-0.6781,0.15145,-0.25627,0.00175
1.06576,1.23655,0.5454,-0.67277,0.15117,-0.25638,0.00175
1.06072,1.22479,0.54336,-0.66744,0.15088,-0.2565,0.00175
1.05557,1.21304,0.54126,-0.66211,0.15058,-0.25662,0.00174
1.05031,1.20127,0.53912,-0.65679,0.15026,-0.25675,0.00174
1.04494,1.18951,0.53692,-0.65148,0.14993,-0.25687,0.00174
1.03946,1.17775,0.53467,-0.64618,0.14958,-0.25699,0.00174
1.03388,1.166,0.53236,-0.64089,0.14922,-0.25712,0.00174
1.02818,1.15425,0.53,-0.63561,0.14884,-0.25725,0.00173
1.02237,1.14251,0.52759,-0.63034,0.14845,-0.25737,0.00173
1.01645,1.13079,0.52512,-0.62509,0.14805,-0.2575,0.00173
1.01042,1.11908,0.5226,-0.61985,0.14762,-0.25763,0.00173
1.00428,1.10738,0.52003,-0.61463,0.14719,-0.25776,0.00173
0.99802,1.09571,0.51739,-0.60942,0.14673,-0.25789,0.00172
0.99166,1.08406,0.51471,-0.60423,0.14626,-0.25802,0.00172
0.98518,1.07243,0.51196,-0.59907,0.14578,-0.25815,0.00172
0.97858,1.06084,0.50916,-0.59392,0.14528,-0.25828,0.00172
0.97187,1.04927,0.50631,-0.5888,0.14476,-0.25842,0.00172
0.96505,1.03774,0.5034,-0.5837,0.14423,-0.25855,0.00171
0.95811,1.02625,0.50043,-0.57863,0.14368,-0.25868,0.00171
0.95106,1.01479,0.4974,-0.57359,0.14311,-0.25882,0.00171
0.94389,1.00338,0.49432,-0.56858,0.14253,-0.25895,0.00171
0.93661,0.99201,0.49117,-0.56359,0.14193,-0.25909,0.00171
0.92921,0.98069,0.48798,-0.55864,0.14131,-0.25922,0.0017
0.9217,0.96942,0.48472,-0.55372,0.14068,-0.25935,0.0017
0.91407,0.9582,0.4814,-0.54883,0.14003,-0.25949,0.0017
0.90633,0.94704,0.47803,-0.54398,0.13936,-0.25962,0.0017
0.89847,0.93594,0.4746,-0.53916,0.13868,-0.25976,0.0017
0.8905,0.9249,0.47111,-0.53439,0.13797,-0.25989,0.00169
0.88241,0.91392,0.46756,-0.52965,0.13725,-0.26002,0.00169
0.8742,0.90302,0.46395,-0.52496,0.13652,-0.26016,0.00169
0.86588,0.89218,0.46028,-0.52031,0.13576,-0.26029,0.00169
0.85745,0.88142,0.45655,-0.51571,0.13499,-0.26042,0.00169
0.8489,0.87073,0.45277,-0.51115,0.1342,-0.26056,0.00168
0.84024,0.86012,0.44892,-0.50664,0.13339,-0.26069,0.00168
0.83146,0.84959,0.44502,-0.50217,0.13257,-0.26082,0.00168
0.82256,0.83915,0.44106,-0.49776,0.13173,-0.26095,0.00168
0.81356,0.82879,0.43703,-0.4934,0.13087,-0.26108,0.00167
0.80444,0.81852,0.43295,-0.48909,0.12999,-0.2612,0.00167
0.7952,0.80834,0.42881,-0.48484,0.12909,-0.26133,0.00167
0.78586,0.79826,0.42461,-0.48064,0.12818,-0.26146,0.00167
0.7764,0.78827,0.42035,-0.4765,0.12724,-0.26158,0.00167
0.76683,0.77838,0.41603,-0.47242,0.12629,-0.2617,0.00166
0.75715,0.7686,0.41166,-0.4684,0.12533,-0.26183,0.00166
0.74736,0.75892,0.40722,-0.46444,0.12434,-0.26195,0.00166
0.73746,0.74934,0.40273,-0.46055,0.12334,-0.26206,0.00166
0.72745,0.73988,0.39817,-0.45672,0.12231,-0.26218,0.00165
0.71733,0.73052,0.39356,-0.45295,0.12127,-0.2623,0.00165
0.7071,0.72128,0.38889,-0.44926,0.12022,-0.26241,0.00165
0.69677,0.71216,0.38416,-0.44563,0.11914,-0.26252,0.00165
0.68633,0.70315,0.37938,-0.44207,0.11805,-0.26263,0.00165
0.67579,0.69426,0.37453,-0.43858,0.11694,-0.26274,0.00164
0.66514,0.68549,0.36963,-0.43517,0.11581,-0.26284,0.00164
0.65439,0.67685,0.36468,-0.43183,0.11466,-0.26295,0.00164
0.64354,0.66833,0.35966,-0.42856,0.1135,-0.26305,0.00164
0.63259,0.65994,0.35459,-0.42537,0.11232,-0.26315,0.00163
0.62154,0.65167,0.34946,-0.42226,0.11112,-0.26324,0.00163
0.61039,0.64354,0.34428,-0.41923,0.10991,-0.26333,0.00163
0.59914,0.63554,0.33904,-0.41628,0.10867,-0.26342,0.00163
0.5878,0.62766,0.33374,-0.41341,0.10742,-0.26351,0.00163
0.57637,0.61993,0.3284,-0.41062,0.10616,-0.2636,0.00162
0.56484,0.61232,0.32299,-0.40792,0.10487,-0.26368,0.00162
0.55322,0.60486,0.31754,-0.4053,0.10357,-0.26376,0.00162
0.54151,0.59752,0.31203,-0.40276,0.10226,-0.26383,0.00162
0.52971,0.59034,0.30646,-0.40032,0.10092,-0.2639,0.00161
0.51783,0.58328,0.30085,-0.39795,0.09958,-0.26397,0.00161
0.50586,0.57636,0.29518,-0.39568,0.09821,-0.26404,0.00161
0.49381,0.56959,0.28946,-0.3935,0.09683,-0.2641,0.00161
0.48168,0.56295,0.28369,-0.39141,0.09543,-0.26416,0.00161
0.46947,0.55645,0.27787,-0.38941,0.09402,-0.26422,0.0016
0.45718,0.55009,0.272,-0.3875,0.0926,-0.26427,0.0016
0.44482,0.54388,0.26609,-0.38569,0.09116,-0.26431,0.0016
0.43238,0.5378,0.26012,-0.38396,0.0897,-0.26436,0.0016
0.41988,0.53186,0.25411,-0.38234,0.08823,-0.2644,0.00159
0.4073,0.52606,0.24805,-0.3808,0.08674,-0.26444,0.00159
0.39466,0.52039,0.24194,-0.37937,0.08524,-0.26447,0.00159
0.38195,0.51487,0.23579,-0.37803,0.08373,-0.2645,0.00159
0.36918,0.50948,0.22959,-0.37678,0.08221,-0.26452,0.00158
0.35635,0.50422,0.22335,-0.37564,0.08067,-0.26454,0.00158
0.34347,0.4991,0.21707,-0.37459,0.07912,-0.26456,0.00158
0.33053,0.49411,0.21074,-0.37364,0.07755,-0.26457,0.00158
0.31753,0.48926,0.20438,-0.37279,0.07597,-0.26458,0.00157
0.30449,0.48453,0.19797,-0.37204,0.07439,-0.26459,0.00157
0.2914,0.47993,0.19152,-0.37138,0.07279,-0.26459,0.00157
0.27827,0.47545,0.18504,-0.37083,0.07117,-0.26458,0.00157
0.26509,0.4711,0.17851,-0.37038,0.06955,-0.26458,0.00156
0.25188,0.46687,0.17195,-0.37002,0.06792,-0.26456,0.00156
0.23862,0.46276,0.16536,-0.36977,0.06628,-0.26455,0.00156
0.22534,0.45877,0.15873,-0.36962,0.06462,-0.26453,0.00156
0.21203,0.45488,0.15206,-0.36956,0.06296,-0.26451,0.00155
0.19868,0.45111,0.14537,-0.36961,0.06129,-0.26448,0.00155
0.18532,0.44745,0.13864,-0.36975,0.05961,-0.26445,0.00155
0.17193,0.44389,0.13188,-0.37,0.05792,-0.26441,0.00154
0.15853,0.44043,0.12509,-0.37035,0.05623,-0.26437,0.00154
0.14511,0.43706,0.11828,-0.3708,0.05452,-0.26433,0.00154
0.13167,0.43379,0.11143,-0.37134,0.05281,-0.26428,0.00154
0.11823,0.43062,0.10456,-0.37198,0.0511,-0.26423,0.00153
0.10478,0.42752,0.09767,-0.37273,0.04937,-0.26418,0.00153
0.09134,0.42451,0.09075,-0.37357,0.04764,-0.26412,0.00153
0.07789,0.42157,0.08381,-0.37451,0.04591,-0.26406,0.00152
0.06444,0.41871,0.07685,-0.37554,0.04417,-0.26399,0.00152
0.05101,0.41592,0.06987,-0.37668,0.04243,-0.26393,0.00152
0.03758,0.4132,0.06287,-0.37791,0.04068,-0.26386,0.00152
0.02417,0.41053,0.05586,-0.37923,0.03893,-0.26379,0.00151
0.01077,0.40791,0.04882,-0.38065,0.03718,-0.26371,0.00151
-0.0026,0.40535,0.04178,-0.38217,0.03542,-0.26363,0.00151
-0.01595,0.40284,0.03472,-0.38377,0.03367,-0.26355,0.0015
-0.02927,0.40036,0.02765,-0.38547,0.03191,-0.26347,0.0015
-0.04257,0.39792,0.02056,-0.38726,0.03015,-0.26339,0.0015
-0.05582,0.39551,0.01347,-0.38915,0.02839,-0.26331,0.00149
-0.06905,0.39312,0.00638,-0.39112,0.02663,-0.26322,0.00149
-0.08223,0.39075,-0.00073,-0.39318,0.02487,-0.26313,0.00149
-0.09536,0.3884,-0.00784,-0.39533,0.02311,-0.26305,0.00148
-0.10845,0.38606,-0.01495,-0.39757,0.02136,-0.26296,0.00148
-0.12149,0.38372,-0.02207,-0.39989,0.0196,-0.26287,0.00148
-0.13447,0.38138,-0.02918,-0.4023,0.01785,-0.26278,0.00147
-0.1474,0.37904,-0.03629,-0.40479,0.0161,-0.26269,0.00147
-0.16027,0.37668,-0.04341,-0.40736,0.01436,-0.2626,0.00147
-0.17307,0.37432,-0.05051,-0.41002,0.01262,-0.26252,0.00146
-0.18581,0.37192,-0.05761,-0.41276,0.01088,-0.26243,0.00146
-0.19848,0.3695,-0.06471,-0.41557,0.00915,-0.26235,0.00146
-0.21107,0.36705,-0.0718,-0.41847,0.00743,-0.26226,0.00145
-0.22359,0.36457,-0.07887,-0.42144,0.00571,-0.26218,0.00145
-0.23604,0.36204,-0.08594,-0.42448,0.00399,-0.26211,0.00145
-0.2484,0.35948,-0.09299,-0.4276,0.00229,-0.26203,0.00144
-0.26068,0.35686,-0.10003,-0.4308,0.00059,-0.26196,0.00144
-0.27287,0.35418,-0.10705,-0.43406,-0.0011,-0.26189,0.00144
-0.28497,0.35146,-0.11405,-0.4374,-0.00279,-0.26183,0.00143
-0.29698,0.34867,-0.12104,-0.4408,-0.00446,-0.26177,0.00143
-0.3089,0.34581,-0.128,-0.44427,-0.00612,-0.26171,0.00143
-0.32072,0.34289,-0.13495,-0.44781,-0.00778,-0.26166,0.00142
-0.33244,0.3399,-0.14187,-0.45142,-0.00942,-0.26162,0.00142
-0.34406,0.33683,-0.14876,-0.45509,-0.01106,-0.26158,0.00142
-0.35558,0.33369,-0.15563,-0.45882,-0.01268,-0.26155,0.00141
-0.36699,0.33047,-0.16247,-0.46261,-0.01429,-0.26152,0.00141
-0.3783,0.32717,-0.16928,-0.46647,-0.01589,-0.2615,0.0014
-0.38949,0.32379,-0.17606,-0.47038,-0.01748,-0.26149,0.0014
-0.40058,0.32033,-0.18281,-0.47435,-0.01906,-0.26149,0.0014
-0.41155,0.31678,-0.18952,-0.47838,-0.02062,-0.26149,0.0014
-0.42241,0.31315,-0.1962,-0.48246,-0.02218,-0.2615,0.00139
-0.43316,0.30944,-0.20285,-0.4866,-0.02371,-0.26152,0.00139
-0.44379,0.30564,-0.20945,-0.49079,-0.02524,-0.26155,0.00139
-0.4543,0.30176,-0.21602,-0.49503,-0.02675,-0.26159,0.00138
-0.46469,0.2978,-0.22255,-0.49932,-0.02825,-0.26164,0.00138
-0.47496,0.29376,-0.22903,-0.50367,-0.02973,-0.26169,0.00138
-0.48511,0.28964,-0.23547,-0.50806,-0.0312,-0.26176,0.00137
-0.49514,0.28544,-0.24187,-0.5125,-0.03265,-0.26184,0.00137
-0.50505,0.28117,-0.24822,-0.51699,-0.03409,-0.26192,0.00137
-0.51483,0.27684,-0.25452,-0.52152,-0.03552,-0.26202,0.00137
-0.52449,0.27243,-0.26078,-0.5261,-0.03693,-0.26213,0.00136
-0.53403,0.26797,-0.26699,-0.53073,-0.03832,-0.26225,0.00136
-0.54344,0.26345,-0.27314,-0.53539,-0.0397,-0.26238,0.00136
-0.55272,0.25888,-0.27924,-0.5401,-0.04106,-0.26252,0.00136
-0.56189,0.25426,-0.28529,-0.54486,-0.04241,-0.26267,0.00135
-0.57092,0.2496,-0.29129,-0.54965,-0.04374,-0.26283,0.00135
-0.57984,0.24491,-0.29723,-0.55448,-0.04506,-0.263,0.00135
-0.58862,0.24019,-0.30311,-0.55936,-0.04636,-0.26318,0.00135
-0.59729,0.23546,-0.30894,-0.56427,-0.04765,-0.26338,0.00134
-0.60583,0.23071,-0.3147,-0.56923,-0.04892,-0.26358,0.00134
-0.61424,0.22596,-0.32041,-0.57422,-0.05017,-0.2638,0.00134
-0.62254,0.22122,-0.32606,-0.57925,-0.05141,-0.26402,0.00134
-0.63071,0.21649,-0.33164,-0.58431,-0.05263,-0.26426,0.00134
-0.63876,0.21179,-0.33716,-0.58942,-0.05384,-0.2645,0.00134
-0.64668,0.20712,-0.34261,-0.59455,-0.05503,-0.26476,0.00133
-0.65449,0.20249,-0.348,-0.59973,-0.05621,-0.26502,0.00133
-0.66218,0.19792,-0.35333,-0.60494,-0.05737,-0.2653,0.00133
-0.66975,0.19341,-0.35858,-0.61019,-0.05852,-0.26558,0.00133
-0.6772,0.18898,-0.36377,-0.61547,-0.05965,-0.26587,0.00133
-0.68454,0.18464,-0.36889,-0.62078,-0.06077,-0.26617,0.00133
-0.69176,0.18039,-0.37394,-0.62613,-0.06188,-0.26647,0.00133
-0.69887,0.17625,-0.37892,-0.63151,-0.06297,-0.26678,0.00133
-0.70586,0.17223,-0.38383,-0.63693,-0.06404,-0.2671,0.00132
-0.71274,0.16835,-0.38866,-0.64238,-0.0651,-0.26742,0.00132
-0.71952,0.16461,-0.39342,-0.64786,-0.06615,-0.26775,0.00132
-0.72618,0.16103,-0.39811,-0.65338,-0.06718,-0.26809,0.00132
-0.73273,0.15762,-0.40272,-0.65893,-0.0682,-0.26842,0.00132
-0.73918,0.15439,-0.40725,-0.6645,-0.06921,-0.26876,0.00132
-0.74553,0.15135,-0.41171,-0.67012,-0.0702,-0.26911,0.00132
-0.75177,0.14851,-0.4161,-0.67576,-0.07118,-0.26945,0.00132
-0.75791,0.1459,-0.4204,-0.68143,-0.07215,-0.2698,0.00132
-0.76395,0.14351,-0.42463,-0.68714,-0.07311,-0.27015,0.00132
-0.76989,0.14136,-0.42878,-0.69288,-0.07405,-0.2705,0.00132
-0.77573,0.13946,-0.43284,-0.69864,-0.07499,-0.27084,0.00132
-0.78148,0.13782,-0.43683,-0.70444,-0.07591,-0.27119,0.00132
-0.78714,0.13646,-0.44074,-0.71027,-0.07682,-0.27153,0.00132
-0.7927,0.13538,-0.44457,-0.71613,-0.07772,-0.27187,0.00132
-0.79818,0.1346,-0.44832,-0.72201,-0.07861,-0.27221,0.00131
-0.80357,0.13412,-0.45198,-0.72793,-0.07949,-0.27254,0.00131
-0.80887,0.13396,-0.45557,-0.73387,-0.08036,-0.27287,0.00131
-0.81408,0.13413,-0.45907,-0.73984,-0.08121,-0.27319,0.00131
-0.81921,0.13462,-0.46249,-0.74584,-0.08206,-0.2735,0.00131
-0.82427,0.13546,-0.46583,-0.75187,-0.0829,-0.27381,0.00131
-0.82924,0.13665,-0.46908,-0.75792,-0.08373,-0.27411,0.00131
-0.83414,0.1382,-0.47225,-0.764,-0.08455,-0.2744,0.00131
-0.83896,0.14012,-0.47534,-0.77011,-0.08537,-0.27468,0.00131
-0.8437,0.14241,-0.47835,-0.77624,-0.08617,-0.27495,0.00131
-0.84838,0.14508,-0.48128,-0.78239,-0.08697,-0.27522,0.00131
-0.85299,0.14814,-0.48412,-0.78857,-0.08776,-0.27547,0.0013
-0.85753,0.15159,-0.48688,-0.79478,-0.08854,-0.2757,0.0013
-0.862,0.15544,-0.48956,-0.801,-0.08931,-0.27593,0.0013
-0.86642,0.15969,-0.49215,-0.80725,-0.09008,-0.27614,0.0013
-0.87077,0.16435,-0.49467,-0.81352,-0.09084,-0.27634,0.0013
-0.87506,0.16941,-0.4971,-0.81982,-0.09159,-0.27653,0.0013
-0.87929,0.17489,-0.49946,-0.82613,-0.09233,-0.2767,0.00129
-0.88347,0.18078,-0.50173,-0.83246,-0.09307,-0.27686,0.00129
-0.88759,0.18709,-0.50392,-0.83881,-0.09381,-0.277,0.00129
-0.89167,0.19382,-0.50604,-0.84518,-0.09453,-0.27713,0.00129
-0.89569,0.20097,-0.50807,-0.85157,-0.09525,-0.27724,0.00129
-0.89967,0.20854,-0.51003,-0.85797,-0.09597,-0.27733,0.00128
-0.9036,0.21653,-0.51191,-0.86439,-0.09668,-0.27741,0.00128
-0.90749,0.22494,-0.51371,-0.87082,-0.09739,-0.27748,0.00128
-0.91134,0.23377,-0.51544,-0.87727,-0.09808,-0.27752,0.00127
-0.91515,0.24302,-0.51709,-0.88374,-0.09878,-0.27755,0.00127
-0.91892,0.25268,-0.51867,-0.89021,-0.09947,-0.27756,0.00127
-0.92266,0.26275,-0.52018,-0.89669,-0.10015,-0.27756,0.00126
-0.92637,0.27323,-0.52161,-0.90319,-0.10084,-0.27754,0.00126
-0.93004,0.28412,-0.52297,-0.9097,-0.10151,-0.2775,0.00126
-0.93369,0.29541,-0.52426,-0.91621,-0.10218,-0.27744,0.00125
-0.9373,0.3071,-0.52548,-0.92273,-0.10285,-0.27737,0.00125
-0.9409,0.31918,-0.52663,-0.92926,-0.10351,-0.27728,0.00125
-0.94447,0.33165,-0.52772,-0.9358,-0.10417,-0.27717,0.00124
-0.94802,0.34451,-0.52874,-0.94234,-0.10483,-0.27705,0.00124
-0.95155,0.35774,-0.52969,-0.94888,-0.10548,-0.27691,0.00123
-0.95506,0.37134,-0.53058,-0.95542,-0.10613,-0.27675,0.00123
-0.95856,0.38531,-0.5314,-0.96197,-0.10677,-0.27658,0.00122
-0.96204,0.39963,-0.53217,-0.96852,-0.10741,-0.27639,0.00122
-0.96551,0.41431,-0.53287,-0.97506,-0.10805,-0.27619,0.00122
-0.96897,0.42933,-0.53351,-0.98161,-0.10868,-0.27597,0.00121
-0.97242,0.44468,-0.5341,-0.98815,-0.10931,-0.27573,0.00121
-0.97586,0.46036,-0.53462,-0.99469,-0.10994,-0.27548,0.0012
-0.9793,0.47637,-0.53509,-1.00122,-0.11056,-0.27522,0.0012
-0.98273,0.49268,-0.53551,-1.00774,-0.11118,-0.27494,0.00119
-0.98616,0.5093,-0.53587,-1.01426,-0.1118,-0.27465,0.00119
-0.98958,0.52621,-0.53618,-1.02077,-0.11241,-0.27435,0.00118
-0.99301,0.5434,-0.53644,-1.02727,-0.11302,-0.27403,0.00118
-0.99644,0.56088,-0.53665,-1.03376,-0.11363,-0.2737,0.00117
-0.99987,0.57861,-0.53681,-1.04024,-0.11423,-0.27336,0.00116
-1.0033,0.59661,-0.53692,-1.04671,-0.11483,-0.27301,0.00116
-1.00674,0.61485,-0.53698,-1.05315,-0.11542,-0.27265,0.00115
-1.01018,0.63334,-0.537,-1.05959,-0.11602,-0.27227,0.00115
-1.01363,0.65205,-0.53697,-1.06601,-0.1166,-0.27189,0.00114
-1.01708,0.67098,-0.5369,-1.0724,-0.11719,-0.2715,0.00114
-1.02055,0.69012,-0.53679,-1.07878,-0.11777,-0.2711,0.00113
-1.02402,0.70946,-0.53664,-1.08514,-0.11835,-0.27069,0.00113
-1.0275,0.72899,-0.53644,-1.09148,-0.11892,-0.27027,0.00112
-1.03099,0.7487,-0.53621,-1.0978,-0.11949,-0.26984,0.00112
-1.03448,0.76858,-0.53593,-1.10409,-0.12006,-0.26941,0.00111
-1.03799,0.78862,-0.53562,-1.11035,-0.12062,-0.26898,0.00111
-1.04151,0.80881,-0.53528,-1.11659,-0.12118,-0.26853,0.0011
-1.04504,0.82914,-0.53489,-1.1228,-0.12174,-0.26809,0.0011
-1.04858,0.8496,-0.53448,-1.12898,-0.12229,-0.26763,0.00109
-1.05213,0.87018,-0.53402,-1.13513,-0.12283,-0.26718,0.00109
-1.05568,0.89087,-0.53354,-1.14125,-0.12337,-0.26672,0.00108
-1.05925,0.91166,-0.53302,-1.14734,-0.12391,-0.26625,0.00108
-1.06283,0.93254,-0.53247,-1.1534,-0.12444,-0.26579,0.00108
-1.06642,0.95351,-0.53189,-1.15941,-0.12497,-0.26532,0.00107
-1.07002,0.97454,-0.53128,-1.1654,-0.1255,-0.26486,0.00107
-1.07362,0.99564,-0.53064,-1.17134,-0.12601,-0.26439,0.00106
-1.07723,1.01679,-0.52997,-1.17725,-0.12653,-0.26392,0.00106
-1.08085,1.03798,-0.52927,-1.18312,-0.12704,-0.26345,0.00106
-1.08447,1.05921,-0.52854,-1.18895,-0.12754,-0.26298,0.00105
-1.0881,1.08046,-0.52779,-1.19473,-0.12804,-0.26251,0.00105
-1.09174,1.10172,-0.52701,-1.20047,-0.12853,-0.26205,0.00105
-1.09537,1.12299,-0.5262,-1.20617,-0.12902,-0.26159,0.00104
-1.09901,1.14427,-0.52536,-1.21182,-0.1295,-0.26113,0.00104
-1.10264,1.16552,-0.5245,-1.21743,-0.12997,-0.26067,0.00104
-1.10628,1.18676,-0.52362,-1.22299,-0.13044,-0.26021,0.00103
-1.10991,1.20797,-0.52271,-1.2285,-0.1309,-0.25977,0.00103
-1.11354,1.22914,-0.52178,-1.23396,-0.13136,-0.25932,0.00103
-1.11716,1.25027,-0.52082,-1.23937,-0.13181,-0.25888,0.00103
-1.12078,1.27134,-0.51984,-1.24473,-0.13225,-0.25844,0.00102
-1.12438,1.29236,-0.51883,-1.25003,-0.13268,-0.25801,0.00102
-1.12798,1.3133,-0.5178,-1.25529,-0.13311,-0.25759,0.00102
-1.13156,1.33416,-0.51675,-1.26049,-0.13353,-0.25717,0.00102
-1.13513,1.35494,-0.51567,-1.26563,-0.13395,-0.25676,0.00102
-1.13868,1.37562,-0.51458,-1.27072,-0.13435,-0.25636,0.00102
-1.14221,1.39621,-0.51346,-1.27575,-0.13475,-0.25596,0.00102
-1.14572,1.41669,-0.51232,-1.28072,-0.13515,-0.25557,0.00102
-1.14921,1.43705,-0.51115,-1.28563,-0.13553,-0.25519,0.00102
-1.15267,1.45729,-0.50997,-1.29049,-0.1359,-0.25482,0.00102
-1.15611,1.4774,-0.50876,-1.29528,-0.13627,-0.25445,0.00102
-1.15951,1.49737,-0.50753,-1.30002,-0.13663,-0.25409,0.00102
-1.16289,1.5172,-0.50628,-1.30469,-0.13698,-0.25375,0.00102
-1.16623,1.53688,-0.50501,-1.3093,-0.13732,-0.25341,0.00102
-1.16953,1.55641,-0.50371,-1.31384,-0.13765,-0.25308,0.00102
-1.1728,1.57578,-0.5024,-1.31832,-0.13798,-0.25276,0.00102
-1.17602,1.59498,-0.50106,-1.32274,-0.13829,-0.25245,0.00102
-1.1792,1.614,-0.49971,-1.32709,-0.1386,-0.25214,0.00102
-1.18234,1.63285,-0.49833,-1.33138,-0.13889,-0.25185,0.00102
-1.18543,1.65151,-0.49693,-1.3356,-0.13918,-0.25157,0.00102
-1.18846,1.66998,-0.49552,-1.33975,-0.13946,-0.2513,0.00102
-1.19145,1.68826,-0.49408,-1.34384,-0.13973,-0.25104,0.00102
-1.19438,1.70633,-0.49262,-1.34786,-0.13998,-0.25079,0.00103
-1.19725,1.7242,-0.49114,-1.35181,-0.14023,-0.25054,0.00103
-1.20006,1.74186,-0.48964,-1.35569,-0.14047,-0.25031,0.00103
-1.20282,1.75931,-0.48813,-1.35951,-0.1407,-0.25009,0.00103
-1.2055,1.77654,-0.48659,-1.36325,-0.14091,-0.24988,0.00103
-1.20812,1.79354,-0.48503,-1.36693,-0.14112,-0.24968,0.00104
-1.21068,1.81032,-0.48346,-1.37053,-0.14132,-0.24949,0.00104
-1.21316,1.82686,-0.48186,-1.37407,-0.1415,-0.24931,0.00104
-1.21557,1.84317,-0.48025,-1.37753,-0.14168,-0.24914,0.00104
-1.21791,1.85924,-0.47862,-1.38093,-0.14185,-0.24898,0.00105
-1.22017,1.87507,-0.47697,-1.38425,-0.142,-0.24883,0.00105
-1.22235,1.89065,-0.4753,-1.38751,-0.14214,-0.24869,0.00105
-1.22446,1.90599,-0.47361,-1.39069,-0.14228,-0.24856,0.00106
-1.22648,1.92107,-0.47191,-1.3938,-0.1424,-0.24844,0.00106
-1.22842,1.93591,-0.47019,-1.39684,-0.14251,-0.24833,0.00106
-1.23027,1.95048,-0.46845,-1.39981,-0.14261,-0.24823,0.00107
-1.23204,1.9648,-0.46669,-1.40272,-0.1427,-0.24813,0.00107
-1.23372,1.97885,-0.46492,-1.40555,-0.14278,-0.24805,0.00107
-1.23531,1.99264,-0.46313,-1.4083,-0.14285,-0.24798,0.00108
-1.23681,2.00617,-0.46133,-1.41099,-0.1429,-0.24791,0.00108
-1.23822,2.01943,-0.45951,-1.41361,-0.14295,-0.24786,0.00108
-1.23953,2.03242,-0.45768,-1.41616,-0.14298,-0.24781,0.00109
-1.24075,2.04515,-0.45583,-1.41864,-0.14301,-0.24777,0.00109
-1.24188,2.05761,-0.45397,-1.42105,-0.14302,-0.24774,0.00109
-1.24291,2.06979,-0.45209,-1.42339,-0.14302,-0.24771,0.0011
-1.24385,2.0817,-0.4502,-1.42566,-0.14302,-0.2477,0.0011
-1.24469,2.09335,-0.44829,-1.42787,-0.143,-0.24769,0.00111
-1.24543,2.10472,-0.44637,-1.43,-0.14297,-0.24769,0.00111
-1.24607,2.11582,-0.44444,-1.43207,-0.14293,-0.24769,0.00111
-1.24661,2.12664,-0.4425,-1.43407,-0.14288,-0.24771,0.00112
-1.24706,2.1372,-0.44055,-1.43601,-0.14281,-0.24773,0.00112
-1.2474,2.14748,-0.43858,-1.43788,-0.14274,-0.24775,0.00113
-1.24765,2.15749,-0.43661,-1.43968,-0.14266,-0.24778,0.00113
-1.24779,2.16724,-0.43462,-1.44142,-0.14257,-0.24782,0.00113
-1.24784,2.1767,-0.43263,-1.44309,-0.14246,-0.24787,0.00114
-1.24779,2.1859,-0.43062,-1.4447,-0.14235,-0.24791,0.00114
-1.24764,2.19484,-0.42861,-1.44624,-0.14223,-0.24797,0.00114
-1.24738,2.20351,-0.42659,-1.44772,-0.14209,-0.24803,0.00115
-1.24703,2.21192,-0.42456,-1.44914,-0.14195,-0.24809,0.00115
-1.24659,2.22006,-0.42252,-1.4505,-0.1418,-0.24816,0.00116
-1.24604,2.22794,-0.42048,-1.4518,-0.14163,-0.24823,0.00116
-1.2454,2.23556,-0.41842,-1.45304,-0.14146,-0.24831,0.00116
-1.24466,2.24293,-0.41637,-1.45422,-0.14128,-0.24839,0.00117
-1.24382,2.25004,-0.4143,-1.45534,-0.14109,-0.24847,0.00117
-1.24289,2.2569,-0.41224,-1.4564,-0.14089,-0.24856,0.00117
-1.24187,2.26351,-0.41016,-1.4574,-0.14068,-0.24865,0.00118
-1.24075,2.26988,-0.40809,-1.45835,-0.14047,-0.24875,0.00118
-1.23954,2.27599,-0.40601,-1.45924,-0.14024,-0.24884,0.00118
-1.23824,2.28187,-0.40392,-1.46009,-0.14,-0.24894,0.00119
-1.23685,2.28751,-0.40184,-1.46087,-0.13976,-0.24904,0.00119
-1.23537,2.29291,-0.39975,-1.4616,-0.13951,-0.24915,0.00119
-1.2338,2.29808,-0.39765,-1.46228,-0.13925,-0.24925,0.0012
-1.23215,2.30302,-0.39556,-1.46291,-0.13898,-0.24936,0.0012
-1.23041,2.30774,-0.39347,-1.46349,-0.13871,-0.24947,0.0012
-1.22858,2.31223,-0.39137,-1.46402,-0.13842,-0.24958,0.00121
-1.22668,2.3165,-0.38928,-1.4645,-0.13813,-0.24969,0.00121
-1.22469,2.32057,-0.38718,-1.46493,-0.13784,-0.2498,0.00121
-1.22262,2.32441,-0.38508,-1.46531,-0.13753,-0.24992,0.00122
-1.22048,2.32805,-0.38299,-1.46565,-0.13722,-0.25003,0.00122
-1.21825,2.33149,-0.3809,-1.46595,-0.1369,-0.25015,0.00122
-1.21596,2.33472,-0.3788,-1.4662,-0.13657,-0.25026,0.00123
-1.21358,2.33776,-0.37671,-1.4664,-0.13624,-0.25038,0.00123
-1.21114,2.34061,-0.37463,-1.46657,-0.1359,-0.25049,0.00123
-1.20863,2.34327,-0.37254,-1.46669,-0.13556,-0.25061,0.00123
-1.20604,2.34574,-0.37046,-1.46677,-0.13521,-0.25073,0.00124
-1.20339,2.34804,-0.36838,-1.46681,-0.13485,-0.25084,0.00124
-1.20068,2.35015,-0.3663,-1.46682,-0.13449,-0.25096,0.00124
-1.1979,2.3521,-0.36423,-1.46678,-0.13412,-0.25107,0.00124
-1.19506,2.35387,-0.36216,-1.46671,-0.13375,-0.25119,0.00125
-1.19215,2.35549,-0.3601,-1.4666,-0.13337,-0.2513,0.00125
-1.18919,2.35695,-0.35804,-1.46646,-0.13298,-0.25141,0.00125
-1.18617,2.35824,-0.35598,-1.46628,-0.13259,-0.25153,0.00125
-1.1831,2.35939,-0.35393,-1.46607,-0.1322,-0.25164,0.00126
-1.17997,2.36038,-0.35188,-1.46582,-0.1318,-0.25175,0.00126
-1.17679,2.36124,-0.34984,-1.46554,-0.1314,-0.25186,0.00126
-1.17355,2.36195,-0.34781,-1.46523,-0.13099,-0.25197,0.00126
-1.17027,2.36253,-0.34578,-1.46489,-0.13058,-0.25208,0.00126
-1.16694,2.36297,-0.34376,-1.46452,-0.13016,-0.25218,0.00127
-1.16356,2.36329,-0.34174,-1.46412,-0.12974,-0.25229,0.00127
-1.16014,2.36349,-0.33973,-1.4637,-0.12932,-0.2524,0.00127
-1.15668,2.36356,-0.33773,-1.46324,-0.12889,-0.2525,0.00127
-1.15317,2.36352,-0.33573,-1.46276,-0.12846,-0.2526,0.00127
-1.14963,2.36337,-0.33374,-1.46225,-0.12802,-0.2527,0.00127
-1.14605,2.36311,-0.33176,-1.46172,-0.12758,-0.2528,0.00128
-1.14242,2.36274,-0.32978,-1.46116,-0.12714,-0.2529,0.00128
-1.13877,2.36228,-0.32781,-1.46058,-0.1267,-0.253,0.00128
-1.13508,2.36171,-0.32585,-1.45998,-0.12625,-0.25309,0.00128
-1.13135,2.36105,-0.32389,-1.45935,-0.1258,-0.25319,0.00128
-1.1276,2.3603,-0.32194,-1.4587,-0.12535,-0.25328,0.00128
-1.12381,2.35947,-0.32,-1.45803,-0.12489,-0.25337,0.00129
-1.12,2.35855,-0.31807,-1.45734,-0.12443,-0.25346,0.00129
-1.11615,2.35756,-0.31614,-1.45664,-0.12397,-0.25355,0.00129
-1.11228,2.35648,-0.31422,-1.4559,-0.12351,-0.25364,0.00129
-1.10839,2.35533,-0.31231,-1.45516,-0.12304,-0.25372,0.00129
-1.10447,2.35411,-0.3104,-1.45439,-0.12258,-0.2538,0.00129
-1.10053,2.35282,-0.30851,-1.45361,-0.12211,-0.25389,0.00129
-1.09657,2.35147,-0.30662,-1.4528,-0.12164,-0.25397,0.0013
-1.09258,2.35006,-0.30473,-1.45199,-0.12116,-0.25405,0.0013
-1.08858,2.34859,-0.30286,-1.45115,-0.12069,-0.25413,0.0013
-1.08456,2.34707,-0.30099,-1.45031,-0.12021,-0.2542,0.0013
-1.08052,2.34549,-0.29913,-1.44944,-0.11973,-0.25428,0.0013
-1.07646,2.34386,-0.29728,-1.44856,-0.11925,-0.25435,0.0013
-1.07238,2.34219,-0.29543,-1.44767,-0.11877,-0.25442,0.0013
-1.0683,2.34047,-0.2936,-1.44676,-0.11829,-0.2545,0.0013
-1.06419,2.3387,-0.29177,-1.44584,-0.1178,-0.25457,0.00131
-1.06008,2.3369,-0.28994,-1.44491,-0.11732,-0.25463,0.00131
-1.05595,2.33506,-0.28813,-1.44397,-0.11683,-0.2547,0.00131
-1.05181,2.33319,-0.28631,-1.44302,-0.11634,-0.25477,0.00131
-1.04766,2.33127,-0.28451,-1.44204,-0.11586,-0.25483,0.00131
-1.04349,2.32933,-0.28272,-1.44106,-0.11537,-0.25489,0.00131
-1.03932,2.32737,-0.28093,-1.44007,-0.11488,-0.25496,0.00131
-1.03514,2.32536,-0.27915,-1.43907,-0.11438,-0.25502,0.00131
-1.03095,2.32335,-0.27737,-1.43807,-0.11389,-0.25508,0.00131
-1.02675,2.3213,-0.2756,-1.43704,-0.1134,-0.25514,0.00131
-1.02255,2.31924,-0.27384,-1.43601,-0.1129,-0.25519,0.00132
-1.01833,2.31715,-0.27208,-1.43497,-0.11241,-0.25525,0.00132
-1.01411,2.31505,-0.27033,-1.43393,-0.11191,-0.2553,0.00132
-1.00989,2.31293,-0.26859,-1.43287,-0.11142,-0.25536,0.00132
-1.00566,2.3108,-0.26685,-1.43181,-0.11092,-0.25541,0.00132
-1.00142,2.30864,-0.26512,-1.43073,-0.11042,-0.25546,0.00132
-0.99718,2.30649,-0.26339,-1.42966,-0.10992,-0.25551,0.00132
-0.99294,2.30431,-0.26167,-1.42857,-0.10943,-0.25556,0.00132
-0.98869,2.30214,-0.25996,-1.42748,-0.10893,-0.25561,0.00132
-0.98444,2.29995,-0.25825,-1.42637,-0.10843,-0.25566,0.00132
-0.98018,2.29775,-0.25654,-1.42526,-0.10793,-0.2557,0.00133
-0.97592,2.29555,-0.25484,-1.42415,-0.10743,-0.25575,0.00133
-0.97166,2.29335,-0.25315,-1.42303,-0.10692,-0.2558,0.00133
-0.96739,2.29114,-0.25146,-1.4219,-0.10642,-0.25584,0.00133
-0.96312,2.28893,-0.24978,-1.42077,-0.10592,-0.25588,0.00133
-0.95885,2.28672,-0.2481,-1.41963,-0.10542,-0.25592,0.00133
-0.95458,2.2845,-0.24642,-1.41848,-0.10492,-0.25596,0.00133
-0.9503,2.28229,-0.24475,-1.41734,-0.10441,-0.25601,0.00133
-0.94602,2.28008,-0.24308,-1.41618,-0.10391,-0.25604,0.00133
-0.94174,2.27787,-0.24142,-1.41502,-0.10341,-0.25608,0.00133
-0.93746,2.27566,-0.23976,-1.41386,-0.1029,-0.25612,0.00133
-0.93318,2.27346,-0.23811,-1.41269,-0.1024,-0.25616,0.00134
-0.92889,2.27126,-0.23646,-1.41151,-0.10189,-0.25619,0.00134
-0.92461,2.26907,-0.23481,-1.41034,-0.10139,-0.25623,0.00134
-0.92032,2.26687,-0.23317,-1.40915,-0.10088,-0.25626,0.00134
-0.91603,2.26469,-0.23153,-1.40796,-0.10038,-0.2563,0.00134
-0.91174,2.26251,-0.22989,-1.40677,-0.09987,-0.25633,0.00134
-0.90744,2.26034,-0.22826,-1.40558,-0.09937,-0.25636,0.00134
-0.90315,2.25818,-0.22663,-1.40438,-0.09886,-0.2564,0.00134
-0.89885,2.25602,-0.225,-1.40317,-0.09835,-0.25643,0.00134
-0.89455,2.25387,-0.22337,-1.40197,-0.09785,-0.25646,0.00134
-0.89025,2.25174,-0.22175,-1.40076,-0.09734,-0.25649,0.00134
-0.88595,2.2496,-0.22013,-1.39955,-0.09683,-0.25652,0.00135
-0.88165,2.24747,-0.21851,-1.39833,-0.09632,-0.25655,0.00135
-0.87734,2.24537,-0.2169,-1.39711,-0.09581,-0.25658,0.00135
-0.87303,2.24327,-0.21528,-1.39589,-0.09531,-0.2566,0.00135
-0.86872,2.24117,-0.21367,-1.39466,-0.0948,-0.25663,0.00135
-0.86441,2.23909,-0.21206,-1.39344,-0.09429,-0.25666,0.00135
-0.86009,2.23702,-0.21045,-1.3922,-0.09378,-0.25668,0.00135
-0.85577,2.23496,-0.20884,-1.39097,-0.09327,-0.25671,0.00135
-0.85145,2.23291,-0.20723,-1.38974,-0.09276,-0.25673,0.00135
-0.84713,2.23085,-0.20563,-1.38849,-0.09225,-0.25676,0.00135
-0.8428,2.22884,-0.20403,-1.38726,-0.09173,-0.25678,0.00135
-0.83847,2.22681,-0.20242,-1.38601,-0.09122,-0.2568,0.00136
-0.83414,2.22481,-0.20082,-1.38476,-0.09071,-0.25683,0.00136
-0.8298,2.22281,-0.19922,-1.38351,-0.0902,-0.25685,0.00136
-0.82546,2.22083,-0.19762,-1.38226,-0.08969,-0.25687,0.00136
-0.82111,2.21886,-0.19602,-1.38101,-0.08917,-0.25689,0.00136
-0.81676,2.2169,-0.19441,-1.37976,-0.08866,-0.25691,0.00136
-0.81241,2.21494,-0.19281,-1.37849,-0.08814,-0.25693,0.00136
-0.80805,2.21301,-0.19121,-1.37724,-0.08763,-0.25695,0.00136
-0.80369,2.21109,-0.18961,-1.37598,-0.08711,-0.25697,0.00136
-0.79933,2.20917,-0.18801,-1.37472,-0.0866,-0.25699,0.00137
-0.79495,2.20726,-0.18641,-1.37345,-0.08608,-0.25701,0.00137
-0.79058,2.20537,-0.18481,-1.37218,-0.08556,-0.25703,0.00137
-0.7862,2.20349,-0.18321,-1.37092,-0.08505,-0.25705,0.00137
-0.78181,2.20163,-0.18161,-1.36965,-0.08453,-0.25706,0.00137
-0.77742,2.19977,-0.18,-1.36838,-0.08401,-0.25708,0.00137
-0.77302,2.19792,-0.1784,-1.3671,-0.08349,-0.2571,0.00137
-0.76861,2.1961,-0.17679,-1.36583,-0.08297,-0.25711,0.00137
-0.7642,2.19428,-0.17519,-1.36456,-0.08245,-0.25713,0.00137
-0.75979,2.19247,-0.17358,-1.36328,-0.08193,-0.25714,0.00137
-0.75536,2.19067,-0.17197,-1.36201,-0.08141,-0.25716,0.00138
-0.75093,2.18888,-0.17036,-1.36072,-0.08089,-0.25717,0.00138
-0.74649,2.18712,-0.16875,-1.35945,-0.08036,-0.25719,0.00138
-0.74205,2.18535,-0.16714,-1.35817,-0.07984,-0.2572,0.00138
-0.7376,2.1836,-0.16552,-1.35689,-0.07931,-0.25722,0.00138
-0.73314,2.18186,-0.16391,-1.35561,-0.07879,-0.25723,0.00138
-0.72868,2.18014,-0.16229,-1.35433,-0.07826,-0.25724,0.00138
-0.7242,2.17842,-0.16067,-1.35304,-0.07774,-0.25725,0.00138
-0.71972,2.17671,-0.15904,-1.35176,-0.07721,-0.25727,0.00139
-0.71523,2.17502,-0.15742,-1.35048,-0.07668,-0.25728,0.00139
-0.71073,2.17335,-0.15579,-1.3492,-0.07615,-0.25729,0.00139
-0.70623,2.17168,-0.15416,-1.34791,-0.07562,-0.2573,0.00139
-0.70171,2.17002,-0.15253,-1.34663,-0.07509,-0.25731,0.00139
-0.69719,2.16836,-0.1509,-1.34534,-0.07456,-0.25732,0.00139
-0.69266,2.16674,-0.14926,-1.34406,-0.07403,-0.25733,0.00139
-0.68812,2.16511,-0.14762,-1.34277,-0.0735,-0.25734,0.00139
-0.68357,2.1635,-0.14598,-1.34149,-0.07297,-0.25735,0.00139
-0.67901,2.16189,-0.14434,-1.3402,-0.07243,-0.25736,0.0014
-0.67444,2.16031,-0.14269,-1.33892,-0.0719,-0.25737,0.0014
-0.66986,2.15873,-0.14104,-1.33764,-0.07136,-0.25738,0.0014
-0.66527,2.15716,-0.13939,-1.33635,-0.07082,-0.25739,0.0014
-0.66067,2.15561,-0.13773,-1.33507,-0.07029,-0.2574,0.0014
-0.65607,2.15406,-0.13607,-1.33379,-0.06975,-0.25741,0.0014
-0.65145,2.15253,-0.13441,-1.33251,-0.06921,-0.25742,0.0014
-0.64682,2.151,-0.13274,-1.33123,-0.06867,-0.25742,0.0014
-0.64218,2.1495,-0.13107,-1.32995,-0.06813,-0.25743,0.00141
-0.63754,2.14799,-0.1294,-1.32867,-0.06759,-0.25744,0.00141
-0.63288,2.14651,-0.12773,-1.32739,-0.06705,-0.25744,0.00141
-0.62821,2.14503,-0.12605,-1.32611,-0.0665,-0.25745,0.00141
-0.62353,2.14356,-0.12436,-1.32484,-0.06596,-0.25746,0.00141
-0.61884,2.14211,-0.12268,-1.32356,-0.06541,-0.25746,0.00141
-0.61414,2.14066,-0.12099,-1.32229,-0.06487,-0.25747,0.00141
-0.60943,2.13924,-0.11929,-1.32102,-0.06432,-0.25748,0.00142
-0.6047,2.13781,-0.1176,-1.31975,-0.06377,-0.25748,0.00142
-0.59997,2.13641,-0.1159,-1.31848,-0.06322,-0.25749,0.00142
-0.59522,2.13501,-0.11419,-1.31721,-0.06267,-0.25749,0.00142
-0.59047,2.13363,-0.11248,-1.31595,-0.06212,-0.2575,0.00142
-0.5857,2.13225,-0.11077,-1.31468,-0.06157,-0.2575,0.00142
-0.58092,2.13089,-0.10905,-1.31342,-0.06102,-0.25751,0.00142
-0.57613,2.12954,-0.10733,-1.31216,-0.06047,-0.25751,0.00143
-0.57133,2.1282,-0.10561,-1.3109,-0.05991,-0.25752,0.00143
-0.56651,2.12688,-0.10388,-1.30965,-0.05936,-0.25752,0.00143
-0.56169,2.12555,-0.10215,-1.30839,-0.0588,-0.25752,0.00143
-0.55685,2.12426,-0.10041,-1.30715,-0.05824,-0.25753,0.00143
-0.552,2.12296,-0.09867,-1.3059,-0.05769,-0.25753,0.00143
-0.54714,2.12168,-0.09693,-1.30466,-0.05713,-0.25753,0.00143
-0.54227,2.12041,-0.09518,-1.30341,-0.05657,-0.25754,0.00144
-0.53739,2.11916,-0.09342,-1.30217,-0.05601,-0.25754,0.00144
-0.53249,2.11792,-0.09167,-1.30094,-0.05544,-0.25754,0.00144
-0.52759,2.1167,-0.0899,-1.29971,-0.05488,-0.25755,0.00144
-0.52267,2.11547,-0.08814,-1.29848,-0.05432,-0.25755,0.00144
-0.51774,2.11427,-0.08637,-1.29725,-0.05376,-0.25755,0.00144
-0.51279,2.11307,-0.08459,-1.29602,-0.05319,-0.25755,0.00144
-0.50784,2.1119,-0.08281,-1.29481,-0.05262,-0.25755,0.00145
-0.50288,2.11073,-0.08103,-1.29359,-0.05206,-0.25756,0.00145
-0.4979,2.10958,-0.07924,-1.29238,-0.05149,-0.25756,0.00145
-0.49291,2.10843,-0.07745,-1.29116,-0.05092,-0.25756,0.00145
-0.48791,2.10731,-0.07566,-1.28996,-0.05035,-0.25756,0.00145
-0.4829,2.10619,-0.07386,-1.28876,-0.04978,-0.25756,0.00145
-0.47787,2.10509,-0.07205,-1.28756,-0.04921,-0.25756,0.00145
-0.47284,2.104,-0.07024,-1.28637,-0.04864,-0.25756,0.00146
-0.46779,2.10292,-0.06843,-1.28518,-0.04807,-0.25757,0.00146
-0.46273,2.10187,-0.06661,-1.284,-0.04749,-0.25757,0.00146
-0.45766,2.10081,-0.06479,-1.28282,-0.04692,-0.25757,0.00146
-0.45258,2.09978,-0.06296,-1.28164,-0.04634,-0.25757,0.00146
-0.44748,2.09876,-0.06113,-1.28047,-0.04577,-0.25757,0.00146
-0.44238,2.09775,-0.0593,-1.27931,-0.04519,-0.25757,0.00147
-0.43726,2.09675,-0.05746,-1.27814,-0.04461,-0.25757,0.00147
-0.43213,2.09578,-0.05561,-1.27699,-0.04403,-0.25757,0.00147
-0.42699,2.09482,-0.05376,-1.27584,-0.04345,-0.25757,0.00147
-0.42184,2.09386,-0.05191,-1.27469,-0.04287,-0.25757,0.00147
-0.41668,2.09294,-0.05005,-1.27356,-0.04229,-0.25757,0.00147
-0.41151,2.09201,-0.04819,-1.27242,-0.04171,-0.25757,0.00148
-0.40633,2.0911,-0.04633,-1.27129,-0.04113,-0.25757,0.00148
-0.40113,2.09022,-0.04446,-1.27017,-0.04055,-0.25757,0.00148
-0.39593,2.08934,-0.04258,-1.26905,-0.03996,-0.25757,0.00148
-0.39071,2.08848,-0.04071,-1.26794,-0.03938,-0.25757,0.00148
-0.38548,2.08763,-0.03882,-1.26683,-0.03879,-0.25757,0.00148
-0.38025,2.08681,-0.03694,-1.26573,-0.03821,-0.25757,0.00149
-0.375,2.08598,-0.03505,-1.26463,-0.03762,-0.25757,0.00149
-0.36974,2.08519,-0.03315,-1.26355,-0.03704,-0.25757,0.00149
-0.36447,2.0844,-0.03125,-1.26246,-0.03645,-0.25756,0.00149
-0.3592,2.08363,-0.02935,-1.26139,-0.03586,-0.25756,0.00149
-0.35391,2.08288,-0.02744,-1.26032,-0.03527,-0.25756,0.00149
-0.34861,2.08213,-0.02553,-1.25925,-0.03468,-0.25756,0.0015
-0.3433,2.08142,-0.02362,-1.2582,-0.03409,-0.25756,0.0015
-0.33798,2.08071,-0.0217,-1.25715,-0.0335,-0.25756,0.0015
-0.33265,2.08003,-0.01978,-1.25611,-0.03291,-0.25756,0.0015
-0.32732,2.07935,-0.01785,-1.25507,-0.03232,-0.25756,0.0015
-0.32197,2.07869,-0.01592,-1.25404,-0.03173,-0.25756,0.0015
-0.31662,2.07806,-0.01399,-1.25302,-0.03113,-0.25756,0.00151
-0.31125,2.07744,-0.01205,-1.25201,-0.03054,-0.25755,0.00151
-0.30588,2.07682,-0.01011,-1.251,-0.02995,-0.25755,0.00151
-0.30049,2.07624,-0.00816,-1.25,-0.02935,-0.25755,0.00151
-0.2951,2.07567,-0.00621,-1.24901,-0.02876,-0.25755,0.00151
-0.2897,2.07511,-0.00426,-1.24802,-0.02816,-0.25755,0.00151
-0.2843,2.07457,-0.0023,-1.24705,-0.02757,-0.25755,0.00152
-0.27888,2.07405,-0.00034,-1.24608,-0.02697,-0.25754,0.00152
-0.27345,2.07355,0.00162,-1.24512,-0.02637,-0.25754,0.00152
-0.26802,2.07306,0.00359,-1.24416,-0.02578,-0.25754,0.00152
-0.26258,2.0726,0.00556,-1.24322,-0.02518,-0.25754,0.00152
-0.25713,2.07214,0.00753,-1.24228,-0.02458,-0.25754,0.00152
-0.25168,2.07172,0.0095,-1.24135,-0.02399,-0.25754,0.00153
-0.24621,2.07129,0.01148,-1.24043,-0.02339,-0.25753,0.00153
-0.24074,2.0709,0.01347,-1.23952,-0.02279,-0.25753,0.00153
-0.23527,2.07052,0.01545,-1.23861,-0.02219,-0.25753,0.00153
-0.22978,2.07015,0.01744,-1.23771,-0.02159,-0.25753,0.00153
-0.22429,2.06982,0.01943,-1.23683,-0.02099,-0.25753,0.00153
-0.21879,2.06948,0.02143,-1.23595,-0.02039,-0.25752,0.00154
-0.21329,2.06918,0.02343,-1.23508,-0.0198,-0.25752,0.00154
-0.20778,2.0689,0.02543,-1.23422,-0.0192,-0.25752,0.00154
-0.20226,2.06862,0.02743,-1.23337,-0.0186,-0.25752,0.00154
-0.19674,2.06837,0.02944,-1.23252,-0.018,-0.25752,0.00154
-0.19121,2.06814,0.03145,-1.23169,-0.0174,-0.25752,0.00155
-0.18568,2.06792,0.03346,-1.23086,-0.0168,-0.25751,0.00155
-0.18014,2.06773,0.03547,-1.23004,-0.0162,-0.25751,0.00155
-0.17459,2.06754,0.03749,-1.22923,-0.0156,-0.25751,0.00155
-0.16905,2.06739,0.03951,-1.22843,-0.015,-0.25751,0.00155
-0.16349,2.06726,0.04153,-1.22765,-0.0144,-0.25751,0.00155
-0.15793,2.06713,0.04355,-1.22686,-0.0138,-0.2575,0.00156
-0.15237,2.06703,0.04558,-1.22609,-0.01319,-0.2575,0.00156
-0.1468,2.06695,0.04761,-1.22533,-0.01259,-0.2575,0.00156
-0.14123,2.06689,0.04964,-1.22458,-0.01199,-0.2575,0.00156
-0.13566,2.06684,0.05167,-1.22384,-0.01139,-0.2575,0.00156
-0.13008,2.06682,0.0537,-1.22311,-0.01079,-0.25749,0.00156
-0.1245,2.06681,0.05574,-1.22238,-0.01019,-0.25749,0.00157
-0.11891,2.06683,0.05778,-1.22167,-0.00959,-0.25749,0.00157
-0.11332,2.06686,0.05982,-1.22097,-0.00899,-0.25749,0.00157
-0.10773,2.0669,0.06186,-1.22027,-0.00839,-0.25749,0.00157
